,Dates,Phase
5,01/01/2008,New Moon
1328,01/02/2008,New Moon
6,01/03/2008,New Moon
2630,01/04/2008,New Moon
7,01/05/2008,New Moon
2967,01/06/2008,New Moon
2631,01/07/2008,New Moon
8,01/08/2008,New Moon
2632,01/09/2008,First Quarter
9,01/10/2008,First Quarter
10,01/11/2008,First Quarter
2973,01/12/2008,First Quarter
2974,01/13/2008,First Quarter
12,01/14/2008,First Quarter
13,01/15/2008,First Quarter
2633,01/16/2008,Full Moon
2634,01/17/2008,Full Moon
14,01/18/2008,Full Moon
15,01/19/2008,Full Moon
16,01/20/2008,Full Moon
17,01/21/2008,Full Moon
18,01/22/2008,Full Moon
2635,01/23/2008,Last Quarter
1115,01/24/2008,Last Quarter
2636,01/25/2008,Last Quarter
1117,01/26/2008,Last Quarter
2638,01/27/2008,Last Quarter
1118,01/28/2008,Last Quarter
20,01/29/2008,Last Quarter
2640,01/30/2008,Last Quarter
2641,01/31/2008,New Moon
22,02/01/2008,New Moon
23,02/02/2008,New Moon
24,02/03/2008,New Moon
1120,02/04/2008,New Moon
2643,02/05/2008,New Moon
25,02/06/2008,New Moon
2645,02/07/2008,New Moon
2647,02/08/2008,First Quarter
26,02/09/2008,First Quarter
2648,02/10/2008,First Quarter
27,02/11/2008,First Quarter
2650,02/12/2008,First Quarter
29,02/13/2008,First Quarter
30,02/14/2008,First Quarter
31,02/15/2008,Full Moon
1121,02/16/2008,Full Moon
33,02/17/2008,Full Moon
2653,02/18/2008,Full Moon
34,02/19/2008,Full Moon
35,02/20/2008,Full Moon
36,02/21/2008,Full Moon
2655,02/22/2008,Last Quarter
37,02/23/2008,Last Quarter
38,02/24/2008,Last Quarter
2657,02/25/2008,Last Quarter
39,02/26/2008,Last Quarter
40,02/27/2008,Last Quarter
41,02/28/2008,Last Quarter
2658,02/29/2008,Last Quarter
45,03/01/2008,New Moon
46,03/02/2008,New Moon
47,03/03/2008,New Moon
48,03/04/2008,New Moon
49,03/05/2008,New Moon
50,03/06/2008,New Moon
51,03/07/2008,New Moon
3158,03/08/2008,First Quarter
52,03/09/2008,First Quarter
53,03/10/2008,First Quarter
54,03/11/2008,First Quarter
55,03/12/2008,First Quarter
56,03/13/2008,First Quarter
57,03/14/2008,First Quarter
59,03/15/2008,Full Moon
60,03/16/2008,Full Moon
61,03/17/2008,Full Moon
62,03/18/2008,Full Moon
63,03/19/2008,Full Moon
64,03/20/2008,Full Moon
65,03/21/2008,Full Moon
66,03/22/2008,Last Quarter
67,03/23/2008,Last Quarter
68,03/24/2008,Last Quarter
69,03/25/2008,Last Quarter
70,03/26/2008,Last Quarter
71,03/27/2008,Last Quarter
72,03/28/2008,Last Quarter
73,03/29/2008,Last Quarter
74,03/30/2008,New Moon
75,03/31/2008,New Moon
76,04/01/2008,New Moon
77,04/02/2008,New Moon
78,04/03/2008,New Moon
79,04/04/2008,New Moon
80,04/05/2008,New Moon
81,04/06/2008,New Moon
82,04/07/2008,First Quarter
83,04/08/2008,First Quarter
85,04/09/2008,First Quarter
86,04/10/2008,First Quarter
87,04/11/2008,First Quarter
88,04/12/2008,First Quarter
89,04/13/2008,Full Moon
90,04/14/2008,Full Moon
91,04/15/2008,Full Moon
92,04/16/2008,Full Moon
94,04/17/2008,Full Moon
95,04/18/2008,Full Moon
96,04/19/2008,Full Moon
97,04/20/2008,Full Moon
98,04/21/2008,Last Quarter
100,04/22/2008,Last Quarter
102,04/23/2008,Last Quarter
103,04/24/2008,Last Quarter
104,04/25/2008,Last Quarter
105,04/26/2008,Last Quarter
107,04/27/2008,Last Quarter
108,04/28/2008,Last Quarter
109,04/29/2008,New Moon
110,04/30/2008,New Moon
111,05/01/2008,New Moon
1127,05/02/2008,New Moon
1970,05/03/2008,New Moon
3161,05/04/2008,New Moon
3162,05/05/2008,New Moon
1128,05/06/2008,First Quarter
3163,05/07/2008,First Quarter
1129,05/08/2008,First Quarter
3345,05/09/2008,First Quarter
3164,05/10/2008,First Quarter
1130,05/11/2008,First Quarter
3165,05/12/2008,First Quarter
3166,05/13/2008,Full Moon
3346,05/14/2008,Full Moon
252,05/15/2008,Full Moon
3167,05/16/2008,Full Moon
3347,05/17/2008,Full Moon
2745,05/18/2008,Full Moon
1971,05/19/2008,Full Moon
3213,05/20/2008,Full Moon
3348,05/21/2008,Last Quarter
3168,05/22/2008,Last Quarter
1131,05/23/2008,Last Quarter
3349,05/24/2008,Last Quarter
3350,05/25/2008,Last Quarter
3169,05/26/2008,Last Quarter
3170,05/27/2008,Last Quarter
381,05/28/2008,Last Quarter
3171,05/29/2008,New Moon
3172,05/30/2008,New Moon
1132,05/31/2008,New Moon
1133,06/01/2008,New Moon
1973,06/02/2008,New Moon
3174,06/03/2008,New Moon
1134,06/04/2008,First Quarter
3175,06/05/2008,First Quarter
1135,06/06/2008,First Quarter
3176,06/07/2008,First Quarter
253,06/08/2008,First Quarter
1136,06/09/2008,First Quarter
1974,06/10/2008,First Quarter
3178,06/11/2008,Full Moon
3179,06/12/2008,Full Moon
3180,06/13/2008,Full Moon
1137,06/14/2008,Full Moon
1138,06/15/2008,Full Moon
1139,06/16/2008,Full Moon
1140,06/17/2008,Full Moon
3182,06/18/2008,Full Moon
3184,06/19/2008,Last Quarter
1141,06/20/2008,Last Quarter
3185,06/21/2008,Last Quarter
3187,06/22/2008,Last Quarter
1142,06/23/2008,Last Quarter
1143,06/24/2008,Last Quarter
1144,06/25/2008,Last Quarter
2746,06/26/2008,Last Quarter
1145,06/27/2008,New Moon
1146,06/28/2008,New Moon
3190,06/29/2008,New Moon
1147,06/30/2008,New Moon
1038,07/01/2008,New Moon
1150,07/02/2008,New Moon
1151,07/03/2008,New Moon
1152,07/04/2008,First Quarter
2748,07/05/2008,First Quarter
1153,07/06/2008,First Quarter
1154,07/07/2008,First Quarter
1155,07/08/2008,First Quarter
1156,07/09/2008,First Quarter
257,07/10/2008,First Quarter
1157,07/11/2008,Full Moon
1158,07/12/2008,Full Moon
1979,07/13/2008,Full Moon
1159,07/14/2008,Full Moon
1160,07/15/2008,Full Moon
1161,07/16/2008,Full Moon
1162,07/17/2008,Full Moon
1163,07/18/2008,Full Moon
1164,07/19/2008,Last Quarter
1165,07/20/2008,Last Quarter
1166,07/21/2008,Last Quarter
1167,07/22/2008,Last Quarter
1168,07/23/2008,Last Quarter
1169,07/24/2008,Last Quarter
1170,07/25/2008,Last Quarter
1172,07/26/2008,New Moon
1173,07/27/2008,New Moon
388,07/28/2008,New Moon
1174,07/29/2008,New Moon
1175,07/30/2008,New Moon
1176,07/31/2008,New Moon
1177,08/01/2008,New Moon
1178,08/02/2008,First Quarter
1179,08/03/2008,First Quarter
1180,08/04/2008,First Quarter
1182,08/05/2008,First Quarter
1183,08/06/2008,First Quarter
1184,08/07/2008,First Quarter
1185,08/08/2008,First Quarter
813,08/09/2008,Full Moon
1186,08/10/2008,Full Moon
1187,08/11/2008,Full Moon
1188,08/12/2008,Full Moon
1189,08/13/2008,Full Moon
1190,08/14/2008,Full Moon
1191,08/15/2008,Full Moon
1192,08/16/2008,Full Moon
1193,08/17/2008,Last Quarter
259,08/18/2008,Last Quarter
1194,08/19/2008,Last Quarter
1196,08/20/2008,Last Quarter
1197,08/21/2008,Last Quarter
1198,08/22/2008,Last Quarter
1199,08/23/2008,Last Quarter
1200,08/24/2008,New Moon
1202,08/25/2008,New Moon
262,08/26/2008,New Moon
1203,08/27/2008,New Moon
1204,08/28/2008,New Moon
1205,08/29/2008,New Moon
1206,08/30/2008,New Moon
1207,08/31/2008,First Quarter
263,09/01/2008,First Quarter
1985,09/02/2008,First Quarter
2795,09/03/2008,First Quarter
3476,09/04/2008,First Quarter
3062,09/05/2008,First Quarter
1316,09/06/2008,First Quarter
264,09/07/2008,First Quarter
3693,09/08/2008,Full Moon
3063,09/09/2008,Full Moon
1986,09/10/2008,Full Moon
2753,09/11/2008,Full Moon
3088,09/12/2008,Full Moon
2754,09/13/2008,Full Moon
3598,09/14/2008,Full Moon
2755,09/15/2008,Full Moon
3696,09/16/2008,Last Quarter
2756,09/17/2008,Last Quarter
3064,09/18/2008,Last Quarter
3477,09/19/2008,Last Quarter
1988,09/20/2008,Last Quarter
3698,09/21/2008,Last Quarter
3478,09/22/2008,Last Quarter
3479,09/23/2008,New Moon
3480,09/24/2008,New Moon
266,09/25/2008,New Moon
267,09/26/2008,New Moon
1989,09/27/2008,New Moon
3599,09/28/2008,New Moon
3223,09/29/2008,New Moon
1990,09/30/2008,First Quarter
268,10/01/2008,First Quarter
3481,10/02/2008,First Quarter
2828,10/03/2008,First Quarter
3376,10/04/2008,First Quarter
1991,10/05/2008,First Quarter
1992,10/06/2008,First Quarter
3067,10/07/2008,First Quarter
1320,10/08/2008,Full Moon
1993,10/09/2008,Full Moon
2760,10/10/2008,Full Moon
3068,10/11/2008,Full Moon
1994,10/12/2008,Full Moon
1321,10/13/2008,Full Moon
1995,10/14/2008,Full Moon
269,10/15/2008,Last Quarter
3483,10/16/2008,Last Quarter
1322,10/17/2008,Last Quarter
3600,10/18/2008,Last Quarter
3601,10/19/2008,Last Quarter
2761,10/20/2008,Last Quarter
1996,10/21/2008,Last Quarter
270,10/22/2008,New Moon
1997,10/23/2008,New Moon
3069,10/24/2008,New Moon
1998,10/25/2008,New Moon
1960,10/26/2008,New Moon
3602,10/27/2008,New Moon
271,10/28/2008,New Moon
1999,10/29/2008,First Quarter
2762,10/30/2008,First Quarter
2000,10/31/2008,First Quarter
274,11/01/2008,First Quarter
2001,11/02/2008,First Quarter
275,11/03/2008,First Quarter
2002,11/04/2008,First Quarter
2003,11/05/2008,First Quarter
2004,11/06/2008,First Quarter
2005,11/07/2008,Full Moon
277,11/08/2008,Full Moon
2008,11/09/2008,Full Moon
278,11/10/2008,Full Moon
279,11/11/2008,Full Moon
2009,11/12/2008,Full Moon
1961,11/13/2008,Full Moon
2010,11/14/2008,Last Quarter
1445,11/15/2008,Last Quarter
2011,11/16/2008,Last Quarter
2013,11/17/2008,Last Quarter
1323,11/18/2008,Last Quarter
2014,11/19/2008,Last Quarter
2015,11/20/2008,New Moon
2016,11/21/2008,New Moon
2017,11/22/2008,New Moon
2018,11/23/2008,New Moon
2019,11/24/2008,New Moon
284,11/25/2008,New Moon
2020,11/26/2008,New Moon
2021,11/27/2008,New Moon
2022,11/28/2008,First Quarter
1324,11/29/2008,First Quarter
2023,11/30/2008,First Quarter
285,12/01/2008,First Quarter
2024,12/02/2008,First Quarter
2025,12/03/2008,First Quarter
2027,12/04/2008,First Quarter
2029,12/05/2008,First Quarter
2030,12/06/2008,Full Moon
1450,12/07/2008,Full Moon
286,12/08/2008,Full Moon
287,12/09/2008,Full Moon
288,12/10/2008,Full Moon
2031,12/11/2008,Full Moon
2033,12/12/2008,Full Moon
2034,12/13/2008,Last Quarter
1325,12/14/2008,Last Quarter
289,12/15/2008,Last Quarter
2035,12/16/2008,Last Quarter
290,12/17/2008,Last Quarter
2036,12/18/2008,Last Quarter
291,12/19/2008,Last Quarter
2037,12/20/2008,New Moon
1327,12/21/2008,New Moon
2038,12/22/2008,New Moon
292,12/23/2008,New Moon
2039,12/24/2008,New Moon
2040,12/25/2008,New Moon
293,12/26/2008,New Moon
2041,12/27/2008,New Moon
2042,12/28/2008,First Quarter
2043,12/29/2008,First Quarter
294,12/30/2008,First Quarter
2044,12/31/2008,First Quarter
158,01/01/2009,First Quarter
2717,01/02/2009,First Quarter
3047,01/03/2009,First Quarter
1329,01/04/2009,First Quarter
159,01/05/2009,Full Moon
160,01/06/2009,Full Moon
161,01/07/2009,Full Moon
162,01/08/2009,Full Moon
1221,01/09/2009,Full Moon
2718,01/10/2009,Full Moon
163,01/11/2009,Full Moon
2719,01/12/2009,Last Quarter
2720,01/13/2009,Last Quarter
2721,01/14/2009,Last Quarter
164,01/15/2009,Last Quarter
165,01/16/2009,Last Quarter
2722,01/17/2009,Last Quarter
2723,01/18/2009,Last Quarter
2724,01/19/2009,New Moon
166,01/20/2009,New Moon
167,01/21/2009,New Moon
168,01/22/2009,New Moon
2725,01/23/2009,New Moon
2726,01/24/2009,New Moon
169,01/25/2009,New Moon
2727,01/26/2009,New Moon
170,01/27/2009,First Quarter
171,01/28/2009,First Quarter
172,01/29/2009,First Quarter
173,01/30/2009,First Quarter
174,01/31/2009,First Quarter
175,02/01/2009,First Quarter
176,02/02/2009,First Quarter
2728,02/03/2009,Full Moon
866,02/04/2009,Full Moon
177,02/05/2009,Full Moon
2731,02/06/2009,Full Moon
2732,02/07/2009,Full Moon
2733,02/08/2009,Full Moon
2734,02/09/2009,Full Moon
2735,02/10/2009,Last Quarter
2046,02/11/2009,Last Quarter
2737,02/12/2009,Last Quarter
179,02/13/2009,Last Quarter
1222,02/14/2009,Last Quarter
180,02/15/2009,Last Quarter
1223,02/16/2009,Last Quarter
181,02/17/2009,New Moon
182,02/18/2009,New Moon
183,02/19/2009,New Moon
184,02/20/2009,New Moon
185,02/21/2009,New Moon
2740,02/22/2009,New Moon
186,02/23/2009,New Moon
187,02/24/2009,New Moon
2741,02/25/2009,New Moon
2742,02/26/2009,First Quarter
2743,02/27/2009,First Quarter
188,02/28/2009,First Quarter
189,03/01/2009,First Quarter
190,03/02/2009,First Quarter
3365,03/03/2009,First Quarter
191,03/04/2009,First Quarter
3472,03/05/2009,Full Moon
192,03/06/2009,Full Moon
193,03/07/2009,Full Moon
194,03/08/2009,Full Moon
195,03/09/2009,Full Moon
196,03/10/2009,Full Moon
197,03/11/2009,Full Moon
198,03/12/2009,Last Quarter
199,03/13/2009,Last Quarter
200,03/14/2009,Last Quarter
201,03/15/2009,Last Quarter
202,03/16/2009,Last Quarter
203,03/17/2009,Last Quarter
204,03/18/2009,Last Quarter
205,03/19/2009,New Moon
206,03/20/2009,New Moon
208,03/21/2009,New Moon
209,03/22/2009,New Moon
210,03/23/2009,New Moon
211,03/24/2009,New Moon
212,03/25/2009,New Moon
213,03/26/2009,New Moon
214,03/27/2009,First Quarter
215,03/28/2009,First Quarter
216,03/29/2009,First Quarter
217,03/30/2009,First Quarter
218,03/31/2009,First Quarter
219,04/01/2009,First Quarter
220,04/02/2009,First Quarter
221,04/03/2009,Full Moon
222,04/04/2009,Full Moon
223,04/05/2009,Full Moon
225,04/06/2009,Full Moon
226,04/07/2009,Full Moon
227,04/08/2009,Full Moon
228,04/09/2009,Full Moon
229,04/10/2009,Last Quarter
230,04/11/2009,Last Quarter
231,04/12/2009,Last Quarter
232,04/13/2009,Last Quarter
233,04/14/2009,Last Quarter
234,04/15/2009,Last Quarter
235,04/16/2009,Last Quarter
236,04/17/2009,Last Quarter
237,04/18/2009,New Moon
238,04/19/2009,New Moon
239,04/20/2009,New Moon
240,04/21/2009,New Moon
241,04/22/2009,New Moon
242,04/23/2009,New Moon
243,04/24/2009,New Moon
244,04/25/2009,New Moon
245,04/26/2009,First Quarter
246,04/27/2009,First Quarter
247,04/28/2009,First Quarter
248,04/29/2009,First Quarter
249,04/30/2009,First Quarter
378,05/01/2009,First Quarter
3366,05/02/2009,Full Moon
3207,05/03/2009,Full Moon
1228,05/04/2009,Full Moon
3208,05/05/2009,Full Moon
3367,05/06/2009,Full Moon
1229,05/07/2009,Full Moon
2047,05/08/2009,Full Moon
1230,05/09/2009,Full Moon
3209,05/10/2009,Last Quarter
3210,05/11/2009,Last Quarter
3211,05/12/2009,Last Quarter
1232,05/13/2009,Last Quarter
1233,05/14/2009,Last Quarter
2791,05/15/2009,Last Quarter
3368,05/16/2009,Last Quarter
3212,05/17/2009,Last Quarter
1234,05/18/2009,New Moon
3369,05/19/2009,New Moon
3081,05/20/2009,New Moon
2048,05/21/2009,New Moon
1235,05/22/2009,New Moon
380,05/23/2009,New Moon
3370,05/24/2009,New Moon
1236,05/25/2009,First Quarter
3214,05/26/2009,First Quarter
3216,05/27/2009,First Quarter
1237,05/28/2009,First Quarter
3217,05/29/2009,First Quarter
1238,05/30/2009,First Quarter
1239,05/31/2009,First Quarter
1240,06/01/2009,Full Moon
1241,06/02/2009,Full Moon
1242,06/03/2009,Full Moon
2792,06/04/2009,Full Moon
1243,06/05/2009,Full Moon
3371,06/06/2009,Full Moon
382,06/07/2009,Full Moon
1244,06/08/2009,Last Quarter
3082,06/09/2009,Last Quarter
1245,06/10/2009,Last Quarter
1246,06/11/2009,Last Quarter
3218,06/12/2009,Last Quarter
3084,06/13/2009,Last Quarter
1247,06/14/2009,Last Quarter
1248,06/15/2009,Last Quarter
1249,06/16/2009,New Moon
3219,06/17/2009,New Moon
1250,06/18/2009,New Moon
1251,06/19/2009,New Moon
2052,06/20/2009,New Moon
1252,06/21/2009,New Moon
1253,06/22/2009,New Moon
3220,06/23/2009,First Quarter
1254,06/24/2009,First Quarter
383,06/25/2009,First Quarter
3221,06/26/2009,First Quarter
1255,06/27/2009,First Quarter
3085,06/28/2009,First Quarter
1256,06/29/2009,First Quarter
1258,06/30/2009,Full Moon
808,07/01/2009,Full Moon
1259,07/02/2009,Full Moon
2053,07/03/2009,Full Moon
2054,07/04/2009,Full Moon
1260,07/05/2009,Full Moon
1261,07/06/2009,Full Moon
1263,07/07/2009,Full Moon
1264,07/08/2009,Last Quarter
672,07/09/2009,Last Quarter
1265,07/10/2009,Last Quarter
1266,07/11/2009,Last Quarter
1267,07/12/2009,Last Quarter
1268,07/13/2009,Last Quarter
1269,07/14/2009,Last Quarter
1270,07/15/2009,Last Quarter
1271,07/16/2009,New Moon
1272,07/17/2009,New Moon
1273,07/18/2009,New Moon
1274,07/19/2009,New Moon
1275,07/20/2009,New Moon
1276,07/21/2009,New Moon
1277,07/22/2009,New Moon
1278,07/23/2009,First Quarter
1279,07/24/2009,First Quarter
1280,07/25/2009,First Quarter
1281,07/26/2009,First Quarter
1282,07/27/2009,First Quarter
1283,07/28/2009,First Quarter
1284,07/29/2009,Full Moon
1285,07/30/2009,Full Moon
1286,07/31/2009,Full Moon
389,08/01/2009,Full Moon
1288,08/02/2009,Full Moon
562,08/03/2009,Full Moon
1289,08/04/2009,Full Moon
1290,08/05/2009,Full Moon
1292,08/06/2009,Full Moon
1293,08/07/2009,Last Quarter
1294,08/08/2009,Last Quarter
1295,08/09/2009,Last Quarter
1296,08/10/2009,Last Quarter
814,08/11/2009,Last Quarter
390,08/12/2009,Last Quarter
1297,08/13/2009,Last Quarter
1298,08/14/2009,New Moon
1299,08/15/2009,New Moon
1300,08/16/2009,New Moon
1301,08/17/2009,New Moon
391,08/18/2009,New Moon
559,08/19/2009,New Moon
392,08/20/2009,New Moon
1304,08/21/2009,First Quarter
1305,08/22/2009,First Quarter
1307,08/23/2009,First Quarter
1308,08/24/2009,First Quarter
1310,08/25/2009,First Quarter
1311,08/26/2009,First Quarter
1312,08/27/2009,First Quarter
1313,08/28/2009,Full Moon
1314,08/29/2009,Full Moon
1315,08/30/2009,Full Moon
394,08/31/2009,Full Moon
395,09/01/2009,Full Moon
2055,09/02/2009,Full Moon
2125,09/03/2009,Full Moon
3773,09/04/2009,Full Moon
3087,09/05/2009,Last Quarter
3490,09/06/2009,Last Quarter
2202,09/07/2009,Last Quarter
3607,09/08/2009,Last Quarter
1956,09/09/2009,Last Quarter
396,09/10/2009,Last Quarter
3236,09/11/2009,Last Quarter
2056,09/12/2009,Last Quarter
3608,09/13/2009,New Moon
2129,09/14/2009,New Moon
2057,09/15/2009,New Moon
397,09/16/2009,New Moon
2058,09/17/2009,New Moon
3089,09/18/2009,New Moon
398,09/19/2009,First Quarter
399,09/20/2009,First Quarter
2059,09/21/2009,First Quarter
3090,09/22/2009,First Quarter
2060,09/23/2009,First Quarter
684,09/24/2009,First Quarter
2062,09/25/2009,First Quarter
3561,09/26/2009,First Quarter
2063,09/27/2009,Full Moon
2064,09/28/2009,Full Moon
2065,09/29/2009,Full Moon
2066,09/30/2009,Full Moon
400,10/01/2009,Full Moon
401,10/02/2009,Full Moon
3609,10/03/2009,Full Moon
2067,10/04/2009,Full Moon
2068,10/05/2009,Last Quarter
402,10/06/2009,Last Quarter
1440,10/07/2009,Last Quarter
3610,10/08/2009,Last Quarter
2796,10/09/2009,Last Quarter
2069,10/10/2009,Last Quarter
2070,10/11/2009,Last Quarter
2071,10/12/2009,New Moon
403,10/13/2009,New Moon
1441,10/14/2009,New Moon
404,10/15/2009,New Moon
3611,10/16/2009,New Moon
3612,10/17/2009,New Moon
2072,10/18/2009,New Moon
3093,10/19/2009,First Quarter
405,10/20/2009,First Quarter
2797,10/21/2009,First Quarter
2073,10/22/2009,First Quarter
2074,10/23/2009,First Quarter
3094,10/24/2009,First Quarter
1443,10/25/2009,First Quarter
2075,10/26/2009,First Quarter
2076,10/27/2009,Full Moon
2077,10/28/2009,Full Moon
2078,10/29/2009,Full Moon
2079,10/30/2009,Full Moon
408,10/31/2009,Full Moon
409,11/01/2009,Full Moon
2080,11/02/2009,Full Moon
2081,11/03/2009,Last Quarter
2082,11/04/2009,Last Quarter
1444,11/05/2009,Last Quarter
2083,11/06/2009,Last Quarter
2084,11/07/2009,Last Quarter
2085,11/08/2009,Last Quarter
2086,11/09/2009,Last Quarter
410,11/10/2009,New Moon
2087,11/11/2009,New Moon
411,11/12/2009,New Moon
2088,11/13/2009,New Moon
2089,11/14/2009,New Moon
2090,11/15/2009,New Moon
2091,11/16/2009,New Moon
2092,11/17/2009,First Quarter
412,11/18/2009,First Quarter
1446,11/19/2009,First Quarter
2093,11/20/2009,First Quarter
2094,11/21/2009,First Quarter
2095,11/22/2009,First Quarter
2096,11/23/2009,First Quarter
1447,11/24/2009,First Quarter
2097,11/25/2009,Full Moon
2098,11/26/2009,Full Moon
2099,11/27/2009,Full Moon
2100,11/28/2009,Full Moon
2101,11/29/2009,Full Moon
2102,11/30/2009,Full Moon
413,12/01/2009,Full Moon
1449,12/02/2009,Full Moon
414,12/03/2009,Last Quarter
2103,12/04/2009,Last Quarter
2104,12/05/2009,Last Quarter
2105,12/06/2009,Last Quarter
2106,12/07/2009,Last Quarter
415,12/08/2009,Last Quarter
416,12/09/2009,Last Quarter
2107,12/10/2009,New Moon
2108,12/11/2009,New Moon
2109,12/12/2009,New Moon
2111,12/13/2009,New Moon
1451,12/14/2009,New Moon
417,12/15/2009,New Moon
2112,12/16/2009,New Moon
2113,12/17/2009,First Quarter
2114,12/18/2009,First Quarter
418,12/19/2009,First Quarter
419,12/20/2009,First Quarter
2115,12/21/2009,First Quarter
420,12/22/2009,First Quarter
2116,12/23/2009,First Quarter
2117,12/24/2009,First Quarter
1557,12/25/2009,Full Moon
2118,12/26/2009,Full Moon
2119,12/27/2009,Full Moon
1558,12/28/2009,Full Moon
2120,12/29/2009,Full Moon
2121,12/30/2009,Full Moon
2122,12/31/2009,Full Moon
295,01/01/2010,Last Quarter
2764,01/02/2010,Last Quarter
2765,01/03/2010,Last Quarter
2766,01/04/2010,Last Quarter
2767,01/05/2010,Last Quarter
2768,01/06/2010,Last Quarter
1330,01/07/2010,Last Quarter
2769,01/08/2010,New Moon
1331,01/09/2010,New Moon
2770,01/10/2010,New Moon
296,01/11/2010,New Moon
297,01/12/2010,New Moon
2771,01/13/2010,New Moon
1332,01/14/2010,New Moon
2772,01/15/2010,New Moon
2773,01/16/2010,First Quarter
2774,01/17/2010,First Quarter
2775,01/18/2010,First Quarter
298,01/19/2010,First Quarter
299,01/20/2010,First Quarter
2776,01/21/2010,First Quarter
300,01/22/2010,First Quarter
2777,01/23/2010,First Quarter
301,01/24/2010,Full Moon
302,01/25/2010,Full Moon
1333,01/26/2010,Full Moon
2778,01/27/2010,Full Moon
2779,01/28/2010,Full Moon
1334,01/29/2010,Full Moon
303,01/30/2010,Full Moon
1335,01/31/2010,Last Quarter
304,02/01/2010,Last Quarter
2781,02/02/2010,Last Quarter
305,02/03/2010,Last Quarter
2782,02/04/2010,Last Quarter
306,02/05/2010,Last Quarter
2783,02/06/2010,New Moon
307,02/07/2010,New Moon
867,02/08/2010,New Moon
308,02/09/2010,New Moon
1336,02/10/2010,New Moon
309,02/11/2010,New Moon
1337,02/12/2010,New Moon
2784,02/13/2010,New Moon
2785,02/14/2010,New Moon
310,02/15/2010,First Quarter
2786,02/16/2010,First Quarter
311,02/17/2010,First Quarter
2787,02/18/2010,First Quarter
2788,02/19/2010,First Quarter
312,02/20/2010,First Quarter
1338,02/21/2010,First Quarter
1339,02/22/2010,First Quarter
313,02/23/2010,Full Moon
1340,02/24/2010,Full Moon
314,02/25/2010,Full Moon
2789,02/26/2010,Full Moon
315,02/27/2010,Full Moon
316,02/28/2010,Full Moon
317,03/01/2010,Last Quarter
318,03/02/2010,Last Quarter
319,03/03/2010,Last Quarter
320,03/04/2010,Last Quarter
321,03/05/2010,Last Quarter
322,03/06/2010,Last Quarter
3227,03/07/2010,Last Quarter
323,03/08/2010,New Moon
324,03/09/2010,New Moon
325,03/10/2010,New Moon
326,03/11/2010,New Moon
327,03/12/2010,New Moon
328,03/13/2010,New Moon
329,03/14/2010,New Moon
330,03/15/2010,New Moon
331,03/16/2010,First Quarter
332,03/17/2010,First Quarter
333,03/18/2010,First Quarter
334,03/19/2010,First Quarter
335,03/20/2010,First Quarter
336,03/21/2010,First Quarter
337,03/22/2010,First Quarter
338,03/23/2010,First Quarter
339,03/24/2010,Full Moon
340,03/25/2010,Full Moon
341,03/26/2010,Full Moon
342,03/27/2010,Full Moon
343,03/28/2010,Full Moon
344,03/29/2010,Full Moon
345,03/30/2010,Full Moon
346,03/31/2010,Last Quarter
347,04/01/2010,Last Quarter
348,04/02/2010,Last Quarter
349,04/03/2010,Last Quarter
350,04/04/2010,Last Quarter
351,04/05/2010,Last Quarter
352,04/06/2010,Last Quarter
354,04/07/2010,New Moon
355,04/08/2010,New Moon
356,04/09/2010,New Moon
357,04/10/2010,New Moon
358,04/11/2010,New Moon
359,04/12/2010,New Moon
360,04/13/2010,New Moon
361,04/14/2010,New Moon
362,04/15/2010,First Quarter
363,04/16/2010,First Quarter
364,04/17/2010,First Quarter
365,04/18/2010,First Quarter
366,04/19/2010,First Quarter
367,04/20/2010,First Quarter
368,04/21/2010,First Quarter
369,04/22/2010,Full Moon
370,04/23/2010,Full Moon
371,04/24/2010,Full Moon
372,04/25/2010,Full Moon
373,04/26/2010,Full Moon
374,04/27/2010,Full Moon
375,04/28/2010,Full Moon
376,04/29/2010,Last Quarter
377,04/30/2010,Last Quarter
1342,05/01/2010,Last Quarter
3380,05/02/2010,Last Quarter
1343,05/03/2010,Last Quarter
1344,05/04/2010,Last Quarter
1345,05/05/2010,Last Quarter
544,05/06/2010,Last Quarter
1346,05/07/2010,New Moon
3229,05/08/2010,New Moon
2197,05/09/2010,New Moon
543,05/10/2010,New Moon
1347,05/11/2010,New Moon
1348,05/12/2010,New Moon
1349,05/13/2010,New Moon
1350,05/14/2010,New Moon
1351,05/15/2010,First Quarter
1352,05/16/2010,First Quarter
3381,05/17/2010,First Quarter
1353,05/18/2010,First Quarter
1354,05/19/2010,First Quarter
1355,05/20/2010,First Quarter
1356,05/21/2010,Full Moon
1357,05/22/2010,Full Moon
3230,05/23/2010,Full Moon
3382,05/24/2010,Full Moon
1358,05/25/2010,Full Moon
1359,05/26/2010,Full Moon
1360,05/27/2010,Full Moon
1361,05/28/2010,Last Quarter
3231,05/29/2010,Last Quarter
1362,05/30/2010,Last Quarter
3098,05/31/2010,Last Quarter
1363,06/01/2010,Last Quarter
1364,06/02/2010,Last Quarter
547,06/03/2010,Last Quarter
1366,06/04/2010,Last Quarter
548,06/05/2010,New Moon
3232,06/06/2010,New Moon
3233,06/07/2010,New Moon
1368,06/08/2010,New Moon
549,06/09/2010,New Moon
545,06/10/2010,New Moon
1369,06/11/2010,New Moon
3234,06/12/2010,New Moon
1370,06/13/2010,First Quarter
1371,06/14/2010,First Quarter
2824,06/15/2010,First Quarter
1372,06/16/2010,First Quarter
3235,06/17/2010,First Quarter
1373,06/18/2010,First Quarter
1374,06/19/2010,First Quarter
1375,06/20/2010,Full Moon
1376,06/21/2010,Full Moon
546,06/22/2010,Full Moon
1377,06/23/2010,Full Moon
1378,06/24/2010,Full Moon
1379,06/25/2010,Full Moon
1380,06/26/2010,Full Moon
1381,06/27/2010,Last Quarter
1382,06/28/2010,Last Quarter
1384,06/29/2010,Last Quarter
1385,06/30/2010,Last Quarter
1386,07/01/2010,Last Quarter
1387,07/02/2010,Last Quarter
1388,07/03/2010,Last Quarter
1389,07/04/2010,Last Quarter
1390,07/05/2010,New Moon
1391,07/06/2010,New Moon
1392,07/07/2010,New Moon
1393,07/08/2010,New Moon
553,07/09/2010,New Moon
1394,07/10/2010,New Moon
1395,07/11/2010,New Moon
550,07/12/2010,First Quarter
1396,07/13/2010,First Quarter
1397,07/14/2010,First Quarter
551,07/15/2010,First Quarter
1398,07/16/2010,First Quarter
1399,07/17/2010,First Quarter
1400,07/18/2010,First Quarter
1401,07/19/2010,Full Moon
1402,07/20/2010,Full Moon
1403,07/21/2010,Full Moon
1404,07/22/2010,Full Moon
1405,07/23/2010,Full Moon
1406,07/24/2010,Full Moon
1407,07/25/2010,Full Moon
1408,07/26/2010,Full Moon
1409,07/27/2010,Last Quarter
1410,07/28/2010,Last Quarter
1411,07/29/2010,Last Quarter
1412,07/30/2010,Last Quarter
1413,07/31/2010,Last Quarter
556,08/01/2010,Last Quarter
1414,08/02/2010,Last Quarter
1415,08/03/2010,Last Quarter
1416,08/04/2010,New Moon
1417,08/05/2010,New Moon
1418,08/06/2010,New Moon
563,08/07/2010,New Moon
564,08/08/2010,New Moon
1419,08/09/2010,New Moon
1420,08/10/2010,New Moon
1421,08/11/2010,First Quarter
557,08/12/2010,First Quarter
1422,08/13/2010,First Quarter
1423,08/14/2010,First Quarter
1424,08/15/2010,First Quarter
558,08/16/2010,First Quarter
1425,08/17/2010,Full Moon
815,08/18/2010,Full Moon
1426,08/19/2010,Full Moon
560,08/20/2010,Full Moon
1427,08/21/2010,Full Moon
1428,08/22/2010,Full Moon
1429,08/23/2010,Full Moon
1430,08/24/2010,Full Moon
1431,08/25/2010,Last Quarter
1432,08/26/2010,Last Quarter
1433,08/27/2010,Last Quarter
1434,08/28/2010,Last Quarter
561,08/29/2010,Last Quarter
1435,08/30/2010,Last Quarter
1437,08/31/2010,Last Quarter
565,09/01/2010,Last Quarter
567,09/02/2010,New Moon
2126,09/03/2010,New Moon
3573,09/04/2010,New Moon
2201,09/05/2010,New Moon
2826,09/06/2010,New Moon
2127,09/07/2010,New Moon
1548,09/08/2010,New Moon
2128,09/09/2010,First Quarter
566,09/10/2010,First Quarter
821,09/11/2010,First Quarter
2827,09/12/2010,First Quarter
3499,09/13/2010,First Quarter
3785,09/14/2010,First Quarter
682,09/15/2010,First Quarter
2130,09/16/2010,Full Moon
2131,09/17/2010,Full Moon
2132,09/18/2010,Full Moon
2133,09/19/2010,Full Moon
2134,09/20/2010,Full Moon
3620,09/21/2010,Full Moon
2135,09/22/2010,Full Moon
2136,09/23/2010,Full Moon
2137,09/24/2010,Last Quarter
2138,09/25/2010,Last Quarter
2139,09/26/2010,Last Quarter
2140,09/27/2010,Last Quarter
2141,09/28/2010,Last Quarter
568,09/29/2010,Last Quarter
569,09/30/2010,Last Quarter
432,10/01/2010,Last Quarter
2142,10/02/2010,New Moon
2143,10/03/2010,New Moon
443,10/04/2010,New Moon
2144,10/05/2010,New Moon
2145,10/06/2010,New Moon
2146,10/07/2010,New Moon
2147,10/08/2010,First Quarter
2148,10/09/2010,First Quarter
433,10/10/2010,First Quarter
434,10/11/2010,First Quarter
3621,10/12/2010,First Quarter
435,10/13/2010,First Quarter
436,10/14/2010,First Quarter
437,10/15/2010,Full Moon
1656,10/16/2010,Full Moon
3102,10/17/2010,Full Moon
438,10/18/2010,Full Moon
439,10/19/2010,Full Moon
440,10/20/2010,Full Moon
3103,10/21/2010,Full Moon
441,10/22/2010,Full Moon
2228,10/23/2010,Full Moon
3104,10/24/2010,Last Quarter
442,10/25/2010,Last Quarter
1552,10/26/2010,Last Quarter
3105,10/27/2010,Last Quarter
3106,10/28/2010,Last Quarter
2150,10/29/2010,Last Quarter
2151,10/30/2010,Last Quarter
2152,10/31/2010,New Moon
444,11/01/2010,New Moon
447,11/02/2010,New Moon
2153,11/03/2010,New Moon
2831,11/04/2010,New Moon
2154,11/05/2010,New Moon
2155,11/06/2010,New Moon
2156,11/07/2010,First Quarter
2157,11/08/2010,First Quarter
449,11/09/2010,First Quarter
445,11/10/2010,First Quarter
2158,11/11/2010,First Quarter
1553,11/12/2010,First Quarter
446,11/13/2010,First Quarter
1554,11/14/2010,Full Moon
2159,11/15/2010,Full Moon
2160,11/16/2010,Full Moon
2161,11/17/2010,Full Moon
2162,11/18/2010,Full Moon
2163,11/19/2010,Full Moon
2164,11/20/2010,Full Moon
2165,11/21/2010,Full Moon
2166,11/22/2010,Last Quarter
2167,11/23/2010,Last Quarter
2168,11/24/2010,Last Quarter
2169,11/25/2010,Last Quarter
2170,11/26/2010,Last Quarter
2171,11/27/2010,Last Quarter
2172,11/28/2010,Last Quarter
448,11/29/2010,New Moon
2173,11/30/2010,New Moon
2174,12/01/2010,New Moon
454,12/02/2010,New Moon
2175,12/03/2010,New Moon
967,12/04/2010,New Moon
2176,12/05/2010,New Moon
456,12/06/2010,First Quarter
2177,12/07/2010,First Quarter
2178,12/08/2010,First Quarter
457,12/09/2010,First Quarter
450,12/10/2010,First Quarter
2179,12/11/2010,First Quarter
2180,12/12/2010,First Quarter
2181,12/13/2010,First Quarter
451,12/14/2010,Full Moon
452,12/15/2010,Full Moon
2182,12/16/2010,Full Moon
2183,12/17/2010,Full Moon
453,12/18/2010,Full Moon
2184,12/19/2010,Full Moon
2185,12/20/2010,Full Moon
2186,12/21/2010,Full Moon
455,12/22/2010,Last Quarter
2187,12/23/2010,Last Quarter
2188,12/24/2010,Last Quarter
2189,12/25/2010,Last Quarter
2190,12/26/2010,Last Quarter
2191,12/27/2010,Last Quarter
2192,12/28/2010,Last Quarter
2193,12/29/2010,New Moon
2194,12/30/2010,New Moon
1559,12/31/2010,New Moon
421,01/01/2011,New Moon
2800,01/02/2011,New Moon
571,01/03/2011,New Moon
2801,01/04/2011,New Moon
430,01/05/2011,First Quarter
431,01/06/2011,First Quarter
1452,01/07/2011,First Quarter
2802,01/08/2011,First Quarter
2803,01/09/2011,First Quarter
2804,01/10/2011,First Quarter
422,01/11/2011,First Quarter
2805,01/12/2011,First Quarter
2806,01/13/2011,Full Moon
1560,01/14/2011,Full Moon
2807,01/15/2011,Full Moon
423,01/16/2011,Full Moon
2808,01/17/2011,Full Moon
2809,01/18/2011,Full Moon
424,01/19/2011,Full Moon
2810,01/20/2011,Last Quarter
2811,01/21/2011,Last Quarter
2358,01/22/2011,Last Quarter
2812,01/23/2011,Last Quarter
426,01/24/2011,Last Quarter
427,01/25/2011,Last Quarter
1665,01/26/2011,Last Quarter
2814,01/27/2011,New Moon
2815,01/28/2011,New Moon
2816,01/29/2011,New Moon
428,01/30/2011,New Moon
429,01/31/2011,New Moon
458,02/01/2011,New Moon
2817,02/02/2011,New Moon
2818,02/03/2011,New Moon
1453,02/04/2011,First Quarter
476,02/05/2011,First Quarter
477,02/06/2011,First Quarter
723,02/07/2011,First Quarter
2820,02/08/2011,First Quarter
478,02/09/2011,First Quarter
459,02/10/2011,First Quarter
2821,02/11/2011,First Quarter
460,02/12/2011,Full Moon
461,02/13/2011,Full Moon
462,02/14/2011,Full Moon
463,02/15/2011,Full Moon
464,02/16/2011,Full Moon
465,02/17/2011,Full Moon
466,02/18/2011,Full Moon
467,02/19/2011,Last Quarter
468,02/20/2011,Last Quarter
469,02/21/2011,Last Quarter
470,02/22/2011,Last Quarter
471,02/23/2011,Last Quarter
472,02/24/2011,Last Quarter
473,02/25/2011,New Moon
474,02/26/2011,New Moon
2196,02/27/2011,New Moon
475,02/28/2011,New Moon
479,03/01/2011,New Moon
491,03/02/2011,New Moon
501,03/03/2011,New Moon
505,03/04/2011,New Moon
506,03/05/2011,First Quarter
507,03/06/2011,First Quarter
508,03/07/2011,First Quarter
509,03/08/2011,First Quarter
3497,03/09/2011,First Quarter
480,03/10/2011,First Quarter
481,03/11/2011,First Quarter
482,03/12/2011,First Quarter
483,03/13/2011,Full Moon
485,03/14/2011,Full Moon
486,03/15/2011,Full Moon
487,03/16/2011,Full Moon
488,03/17/2011,Full Moon
489,03/18/2011,Full Moon
490,03/19/2011,Full Moon
3111,03/20/2011,Last Quarter
492,03/21/2011,Last Quarter
493,03/22/2011,Last Quarter
494,03/23/2011,Last Quarter
495,03/24/2011,Last Quarter
496,03/25/2011,Last Quarter
497,03/26/2011,Last Quarter
498,03/27/2011,New Moon
499,03/28/2011,New Moon
500,03/29/2011,New Moon
503,03/30/2011,New Moon
504,03/31/2011,New Moon
510,04/01/2011,New Moon
522,04/02/2011,New Moon
534,04/03/2011,New Moon
536,04/04/2011,First Quarter
537,04/05/2011,First Quarter
538,04/06/2011,First Quarter
539,04/07/2011,First Quarter
540,04/08/2011,First Quarter
541,04/09/2011,First Quarter
511,04/10/2011,First Quarter
512,04/11/2011,First Quarter
513,04/12/2011,Full Moon
514,04/13/2011,Full Moon
515,04/14/2011,Full Moon
516,04/15/2011,Full Moon
517,04/16/2011,Full Moon
518,04/17/2011,Full Moon
519,04/18/2011,Full Moon
520,04/19/2011,Last Quarter
523,04/20/2011,Last Quarter
524,04/21/2011,Last Quarter
525,04/22/2011,Last Quarter
526,04/23/2011,Last Quarter
527,04/24/2011,Last Quarter
528,04/25/2011,Last Quarter
529,04/26/2011,New Moon
531,04/27/2011,New Moon
532,04/28/2011,New Moon
533,04/29/2011,New Moon
535,04/30/2011,New Moon
1455,05/01/2011,New Moon
800,05/02/2011,New Moon
947,05/03/2011,New Moon
1456,05/04/2011,First Quarter
3239,05/05/2011,First Quarter
3240,05/06/2011,First Quarter
3241,05/07/2011,First Quarter
3242,05/08/2011,First Quarter
3243,05/09/2011,First Quarter
1457,05/10/2011,First Quarter
1458,05/11/2011,Full Moon
1459,05/12/2011,Full Moon
1460,05/13/2011,Full Moon
1461,05/14/2011,Full Moon
3244,05/15/2011,Full Moon
3393,05/16/2011,Full Moon
3245,05/17/2011,Full Moon
3246,05/18/2011,Last Quarter
1462,05/19/2011,Last Quarter
1463,05/20/2011,Last Quarter
1464,05/21/2011,Last Quarter
3394,05/22/2011,Last Quarter
3248,05/23/2011,Last Quarter
1465,05/24/2011,Last Quarter
3249,05/25/2011,New Moon
1466,05/26/2011,New Moon
1467,05/27/2011,New Moon
3250,05/28/2011,New Moon
1468,05/29/2011,New Moon
3251,05/30/2011,New Moon
1469,05/31/2011,New Moon
805,06/01/2011,New Moon
1470,06/02/2011,First Quarter
1471,06/03/2011,First Quarter
3252,06/04/2011,First Quarter
1472,06/05/2011,First Quarter
1473,06/06/2011,First Quarter
1474,06/07/2011,First Quarter
3254,06/08/2011,First Quarter
1475,06/09/2011,First Quarter
1476,06/10/2011,Full Moon
1477,06/11/2011,Full Moon
1478,06/12/2011,Full Moon
1479,06/13/2011,Full Moon
1480,06/14/2011,Full Moon
1482,06/15/2011,Full Moon
1483,06/16/2011,Last Quarter
1484,06/17/2011,Last Quarter
1485,06/18/2011,Last Quarter
1486,06/19/2011,Last Quarter
1487,06/20/2011,Last Quarter
1488,06/21/2011,Last Quarter
669,06/22/2011,Last Quarter
3255,06/23/2011,Last Quarter
1489,06/24/2011,New Moon
1490,06/25/2011,New Moon
1491,06/26/2011,New Moon
1492,06/27/2011,New Moon
1493,06/28/2011,New Moon
3256,06/29/2011,New Moon
1494,06/30/2011,New Moon
670,07/01/2011,New Moon
1495,07/02/2011,First Quarter
1496,07/03/2011,First Quarter
1497,07/04/2011,First Quarter
809,07/05/2011,First Quarter
671,07/06/2011,First Quarter
1498,07/07/2011,First Quarter
1499,07/08/2011,First Quarter
1500,07/09/2011,Full Moon
1501,07/10/2011,Full Moon
1502,07/11/2011,Full Moon
1503,07/12/2011,Full Moon
1504,07/13/2011,Full Moon
1505,07/14/2011,Full Moon
1506,07/15/2011,Full Moon
1507,07/16/2011,Last Quarter
1508,07/17/2011,Last Quarter
1509,07/18/2011,Last Quarter
1510,07/19/2011,Last Quarter
1511,07/20/2011,Last Quarter
1512,07/21/2011,Last Quarter
1513,07/22/2011,Last Quarter
1514,07/23/2011,Last Quarter
1515,07/24/2011,New Moon
811,07/25/2011,New Moon
1516,07/26/2011,New Moon
1517,07/27/2011,New Moon
1518,07/28/2011,New Moon
1519,07/29/2011,New Moon
1520,07/30/2011,New Moon
1521,07/31/2011,First Quarter
674,08/01/2011,First Quarter
1522,08/02/2011,First Quarter
1523,08/03/2011,First Quarter
1524,08/04/2011,First Quarter
1525,08/05/2011,First Quarter
1526,08/06/2011,First Quarter
675,08/07/2011,Full Moon
1527,08/08/2011,Full Moon
1528,08/09/2011,Full Moon
1529,08/10/2011,Full Moon
1530,08/11/2011,Full Moon
1531,08/12/2011,Full Moon
676,08/13/2011,Full Moon
1532,08/14/2011,Last Quarter
677,08/15/2011,Last Quarter
1533,08/16/2011,Last Quarter
1534,08/17/2011,Last Quarter
1535,08/18/2011,Last Quarter
1536,08/19/2011,Last Quarter
1537,08/20/2011,Last Quarter
1538,08/21/2011,Last Quarter
1539,08/22/2011,New Moon
1540,08/23/2011,New Moon
1541,08/24/2011,New Moon
1542,08/25/2011,New Moon
1543,08/26/2011,New Moon
1544,08/27/2011,New Moon
678,08/28/2011,New Moon
1545,08/29/2011,New Moon
1546,08/30/2011,First Quarter
1547,08/31/2011,First Quarter
679,09/01/2011,First Quarter
2199,09/02/2011,First Quarter
3624,09/03/2011,First Quarter
2200,09/04/2011,First Quarter
2861,09/05/2011,Full Moon
3113,09/06/2011,Full Moon
3114,09/07/2011,Full Moon
2203,09/08/2011,Full Moon
2204,09/09/2011,Full Moon
680,09/10/2011,Full Moon
3574,09/11/2011,Full Moon
3115,09/12/2011,Full Moon
3273,09/13/2011,Last Quarter
3274,09/14/2011,Last Quarter
1655,09/15/2011,Last Quarter
2205,09/16/2011,Last Quarter
2206,09/17/2011,Last Quarter
3575,09/18/2011,Last Quarter
2207,09/19/2011,Last Quarter
683,09/20/2011,Last Quarter
3404,09/21/2011,New Moon
3422,09/22/2011,New Moon
2208,09/23/2011,New Moon
3625,09/24/2011,New Moon
3725,09/25/2011,New Moon
2209,09/26/2011,New Moon
685,09/27/2011,New Moon
2210,09/28/2011,First Quarter
2862,09/29/2011,First Quarter
2211,09/30/2011,First Quarter
686,10/01/2011,First Quarter
3116,10/02/2011,First Quarter
828,10/03/2011,First Quarter
2213,10/04/2011,First Quarter
2214,10/05/2011,Full Moon
2215,10/06/2011,Full Moon
2216,10/07/2011,Full Moon
2217,10/08/2011,Full Moon
2218,10/09/2011,Full Moon
2219,10/10/2011,Full Moon
2220,10/11/2011,Full Moon
3117,10/12/2011,Full Moon
2221,10/13/2011,Last Quarter
2222,10/14/2011,Last Quarter
687,10/15/2011,Last Quarter
3506,10/16/2011,Last Quarter
2223,10/17/2011,Last Quarter
2224,10/18/2011,Last Quarter
688,10/19/2011,Last Quarter
2225,10/20/2011,Last Quarter
2226,10/21/2011,New Moon
2227,10/22/2011,New Moon
3118,10/23/2011,New Moon
833,10/24/2011,New Moon
2229,10/25/2011,New Moon
1657,10/26/2011,New Moon
2231,10/27/2011,First Quarter
2232,10/28/2011,First Quarter
2233,10/29/2011,First Quarter
2234,10/30/2011,First Quarter
2235,10/31/2011,First Quarter
1658,11/01/2011,First Quarter
2237,11/02/2011,First Quarter
2238,11/03/2011,Full Moon
689,11/04/2011,Full Moon
690,11/05/2011,Full Moon
691,11/06/2011,Full Moon
2239,11/07/2011,Full Moon
2240,11/08/2011,Full Moon
2241,11/09/2011,Full Moon
2242,11/10/2011,Full Moon
2243,11/11/2011,Last Quarter
2244,11/12/2011,Last Quarter
2245,11/13/2011,Last Quarter
692,11/14/2011,Last Quarter
2246,11/15/2011,Last Quarter
2247,11/16/2011,Last Quarter
2248,11/17/2011,Last Quarter
2249,11/18/2011,Last Quarter
2250,11/19/2011,New Moon
694,11/20/2011,New Moon
2251,11/21/2011,New Moon
2252,11/22/2011,New Moon
695,11/23/2011,New Moon
696,11/24/2011,New Moon
2253,11/25/2011,New Moon
2254,11/26/2011,First Quarter
2255,11/27/2011,First Quarter
2256,11/28/2011,First Quarter
2257,11/29/2011,First Quarter
2258,11/30/2011,First Quarter
1660,12/01/2011,First Quarter
2259,12/02/2011,First Quarter
2260,12/03/2011,Full Moon
2261,12/04/2011,Full Moon
2262,12/05/2011,Full Moon
698,12/06/2011,Full Moon
2263,12/07/2011,Full Moon
2264,12/08/2011,Full Moon
2265,12/09/2011,Full Moon
2266,12/10/2011,Full Moon
843,12/11/2011,Last Quarter
2267,12/12/2011,Last Quarter
2268,12/13/2011,Last Quarter
2269,12/14/2011,Last Quarter
699,12/15/2011,Last Quarter
2270,12/16/2011,Last Quarter
2271,12/17/2011,Last Quarter
2272,12/18/2011,Last Quarter
2273,12/19/2011,New Moon
1662,12/20/2011,New Moon
2274,12/21/2011,New Moon
2275,12/22/2011,New Moon
700,12/23/2011,New Moon
2276,12/24/2011,New Moon
2277,12/25/2011,First Quarter
2278,12/26/2011,First Quarter
701,12/27/2011,First Quarter
2279,12/28/2011,First Quarter
702,12/29/2011,First Quarter
973,12/30/2011,First Quarter
2280,12/31/2011,First Quarter
570,01/01/2012,First Quarter
2834,01/02/2012,Full Moon
2835,01/03/2012,Full Moon
2836,01/04/2012,Full Moon
2837,01/05/2012,Full Moon
2838,01/06/2012,Full Moon
2839,01/07/2012,Full Moon
2840,01/08/2012,Full Moon
2282,01/09/2012,Full Moon
2841,01/10/2012,Last Quarter
2842,01/11/2012,Last Quarter
2843,01/12/2012,Last Quarter
2844,01/13/2012,Last Quarter
1561,01/14/2012,Last Quarter
574,01/15/2012,Last Quarter
575,01/16/2012,Last Quarter
2845,01/17/2012,New Moon
2846,01/18/2012,New Moon
2847,01/19/2012,New Moon
576,01/20/2012,New Moon
577,01/21/2012,New Moon
2848,01/22/2012,New Moon
2849,01/23/2012,New Moon
578,01/24/2012,First Quarter
579,01/25/2012,First Quarter
2850,01/26/2012,First Quarter
580,01/27/2012,First Quarter
2851,01/28/2012,First Quarter
2852,01/29/2012,First Quarter
581,01/30/2012,First Quarter
2853,01/31/2012,First Quarter
582,02/01/2012,Full Moon
2854,02/02/2012,Full Moon
1562,02/03/2012,Full Moon
583,02/04/2012,Full Moon
584,02/05/2012,Full Moon
585,02/06/2012,Full Moon
586,02/07/2012,Full Moon
2855,02/08/2012,Last Quarter
587,02/09/2012,Last Quarter
588,02/10/2012,Last Quarter
589,02/11/2012,Last Quarter
590,02/12/2012,Last Quarter
591,02/13/2012,Last Quarter
592,02/14/2012,Last Quarter
593,02/15/2012,New Moon
594,02/16/2012,New Moon
595,02/17/2012,New Moon
597,02/18/2012,New Moon
2344,02/19/2012,New Moon
598,02/20/2012,New Moon
599,02/21/2012,New Moon
600,02/22/2012,First Quarter
601,02/23/2012,First Quarter
602,02/24/2012,First Quarter
603,02/25/2012,First Quarter
2856,02/26/2012,First Quarter
604,02/27/2012,First Quarter
605,02/28/2012,First Quarter
606,02/29/2012,First Quarter
607,03/01/2012,First Quarter
608,03/02/2012,Full Moon
609,03/03/2012,Full Moon
3501,03/04/2012,Full Moon
610,03/05/2012,Full Moon
611,03/06/2012,Full Moon
612,03/07/2012,Full Moon
613,03/08/2012,Full Moon
614,03/09/2012,Last Quarter
615,03/10/2012,Last Quarter
3502,03/11/2012,Last Quarter
616,03/12/2012,Last Quarter
617,03/13/2012,Last Quarter
618,03/14/2012,Last Quarter
619,03/15/2012,Last Quarter
620,03/16/2012,New Moon
621,03/17/2012,New Moon
622,03/18/2012,New Moon
623,03/19/2012,New Moon
624,03/20/2012,New Moon
625,03/21/2012,New Moon
626,03/22/2012,New Moon
627,03/23/2012,First Quarter
628,03/24/2012,First Quarter
629,03/25/2012,First Quarter
630,03/26/2012,First Quarter
631,03/27/2012,First Quarter
632,03/28/2012,First Quarter
633,03/29/2012,First Quarter
634,03/30/2012,First Quarter
635,03/31/2012,Full Moon
636,04/01/2012,Full Moon
637,04/02/2012,Full Moon
638,04/03/2012,Full Moon
639,04/04/2012,Full Moon
640,04/05/2012,Full Moon
641,04/06/2012,Full Moon
642,04/07/2012,Last Quarter
643,04/08/2012,Last Quarter
644,04/09/2012,Last Quarter
645,04/10/2012,Last Quarter
646,04/11/2012,Last Quarter
647,04/12/2012,Last Quarter
648,04/13/2012,Last Quarter
649,04/14/2012,New Moon
650,04/15/2012,New Moon
651,04/16/2012,New Moon
652,04/17/2012,New Moon
653,04/18/2012,New Moon
654,04/19/2012,New Moon
655,04/20/2012,New Moon
656,04/21/2012,New Moon
657,04/22/2012,First Quarter
658,04/23/2012,First Quarter
659,04/24/2012,First Quarter
660,04/25/2012,First Quarter
661,04/26/2012,First Quarter
662,04/27/2012,First Quarter
663,04/28/2012,First Quarter
664,04/29/2012,First Quarter
665,04/30/2012,Full Moon
799,05/01/2012,Full Moon
3262,05/02/2012,Full Moon
948,05/03/2012,Full Moon
3263,05/04/2012,Full Moon
2347,05/05/2012,Full Moon
1565,05/06/2012,Full Moon
1566,05/07/2012,Last Quarter
3264,05/08/2012,Last Quarter
3396,05/09/2012,Last Quarter
801,05/10/2012,Last Quarter
3397,05/11/2012,Last Quarter
1567,05/12/2012,Last Quarter
3265,05/13/2012,New Moon
1568,05/14/2012,New Moon
802,05/15/2012,New Moon
3266,05/16/2012,New Moon
3267,05/17/2012,New Moon
3268,05/18/2012,New Moon
3398,05/19/2012,New Moon
3269,05/20/2012,New Moon
1569,05/21/2012,First Quarter
3270,05/22/2012,First Quarter
1570,05/23/2012,First Quarter
1774,05/24/2012,First Quarter
2346,05/25/2012,First Quarter
3399,05/26/2012,First Quarter
1572,05/27/2012,First Quarter
3271,05/28/2012,First Quarter
1573,05/29/2012,Full Moon
3400,05/30/2012,Full Moon
803,05/31/2012,Full Moon
949,06/01/2012,Full Moon
2348,06/02/2012,Full Moon
1574,06/03/2012,Full Moon
1575,06/04/2012,Full Moon
1576,06/05/2012,Last Quarter
1577,06/06/2012,Last Quarter
1578,06/07/2012,Last Quarter
1579,06/08/2012,Last Quarter
1580,06/09/2012,Last Quarter
1581,06/10/2012,Last Quarter
1582,06/11/2012,Last Quarter
1583,06/12/2012,New Moon
1584,06/13/2012,New Moon
1585,06/14/2012,New Moon
1586,06/15/2012,New Moon
1587,06/16/2012,New Moon
1588,06/17/2012,New Moon
1589,06/18/2012,New Moon
1590,06/19/2012,New Moon
1591,06/20/2012,First Quarter
1592,06/21/2012,First Quarter
1593,06/22/2012,First Quarter
1594,06/23/2012,First Quarter
1096,06/24/2012,First Quarter
1595,06/25/2012,First Quarter
806,06/26/2012,First Quarter
1596,06/27/2012,First Quarter
1597,06/28/2012,Full Moon
807,06/29/2012,Full Moon
1598,06/30/2012,Full Moon
1599,07/01/2012,Full Moon
1600,07/02/2012,Full Moon
1601,07/03/2012,Full Moon
1602,07/04/2012,Last Quarter
1603,07/05/2012,Last Quarter
1604,07/06/2012,Last Quarter
1605,07/07/2012,Last Quarter
1606,07/08/2012,Last Quarter
1607,07/09/2012,Last Quarter
810,07/10/2012,Last Quarter
1608,07/11/2012,Last Quarter
1609,07/12/2012,New Moon
1066,07/13/2012,New Moon
1610,07/14/2012,New Moon
1611,07/15/2012,New Moon
1612,07/16/2012,New Moon
1613,07/17/2012,New Moon
1614,07/18/2012,New Moon
1615,07/19/2012,New Moon
1616,07/20/2012,First Quarter
1617,07/21/2012,First Quarter
1618,07/22/2012,First Quarter
1619,07/23/2012,First Quarter
1620,07/24/2012,First Quarter
1621,07/25/2012,First Quarter
1622,07/26/2012,First Quarter
1623,07/27/2012,Full Moon
1624,07/28/2012,Full Moon
1625,07/29/2012,Full Moon
1626,07/30/2012,Full Moon
1627,07/31/2012,Full Moon
1108,08/01/2012,Full Moon
1628,08/02/2012,Full Moon
1629,08/03/2012,Last Quarter
1630,08/04/2012,Last Quarter
1631,08/05/2012,Last Quarter
1632,08/06/2012,Last Quarter
812,08/07/2012,Last Quarter
1633,08/08/2012,Last Quarter
1634,08/09/2012,Last Quarter
1635,08/10/2012,New Moon
1636,08/11/2012,New Moon
1637,08/12/2012,New Moon
1638,08/13/2012,New Moon
1639,08/14/2012,New Moon
1640,08/15/2012,New Moon
1641,08/16/2012,New Moon
1642,08/17/2012,New Moon
1643,08/18/2012,First Quarter
816,08/19/2012,First Quarter
817,08/20/2012,First Quarter
1644,08/21/2012,First Quarter
1645,08/22/2012,First Quarter
1646,08/23/2012,First Quarter
1647,08/24/2012,First Quarter
1648,08/25/2012,Full Moon
1649,08/26/2012,Full Moon
1650,08/27/2012,Full Moon
1651,08/28/2012,Full Moon
1652,08/29/2012,Full Moon
1653,08/30/2012,Full Moon
1654,08/31/2012,Full Moon
818,09/01/2012,Last Quarter
2953,09/02/2012,Last Quarter
1752,09/03/2012,Last Quarter
3123,09/04/2012,Last Quarter
3577,09/05/2012,Last Quarter
3636,09/06/2012,Last Quarter
2887,09/07/2012,Last Quarter
819,09/08/2012,Last Quarter
1753,09/09/2012,New Moon
820,09/10/2012,New Moon
2352,09/11/2012,New Moon
2353,09/12/2012,New Moon
822,09/13/2012,New Moon
823,09/14/2012,New Moon
824,09/15/2012,New Moon
3586,09/16/2012,New Moon
2354,09/17/2012,First Quarter
1853,09/18/2012,First Quarter
3421,09/19/2012,First Quarter
2355,09/20/2012,First Quarter
825,09/21/2012,First Quarter
3136,09/22/2012,First Quarter
2356,09/23/2012,Full Moon
3731,09/24/2012,Full Moon
3635,09/25/2012,Full Moon
2889,09/26/2012,Full Moon
2357,09/27/2012,Full Moon
3510,09/28/2012,Full Moon
826,09/29/2012,Full Moon
2890,09/30/2012,Full Moon
827,10/01/2012,Last Quarter
1755,10/02/2012,Last Quarter
3125,10/03/2012,Last Quarter
2291,10/04/2012,Last Quarter
3633,10/05/2012,Last Quarter
2292,10/06/2012,Last Quarter
2293,10/07/2012,Last Quarter
2294,10/08/2012,Last Quarter
2295,10/09/2012,New Moon
2283,10/10/2012,New Moon
3630,10/11/2012,New Moon
829,10/12/2012,New Moon
3126,10/13/2012,New Moon
3511,10/14/2012,New Moon
830,10/15/2012,New Moon
2284,10/16/2012,First Quarter
1959,10/17/2012,First Quarter
2285,10/18/2012,First Quarter
831,10/19/2012,First Quarter
832,10/20/2012,First Quarter
2286,10/21/2012,First Quarter
2287,10/22/2012,First Quarter
3128,10/23/2012,Full Moon
2288,10/24/2012,Full Moon
834,10/25/2012,Full Moon
3631,10/26/2012,Full Moon
2289,10/27/2012,Full Moon
3632,10/28/2012,Full Moon
2290,10/29/2012,Full Moon
1756,10/30/2012,Last Quarter
835,10/31/2012,Last Quarter
836,11/01/2012,Last Quarter
2304,11/02/2012,Last Quarter
2313,11/03/2012,Last Quarter
2314,11/04/2012,Last Quarter
2315,11/05/2012,Last Quarter
2316,11/06/2012,Last Quarter
2317,11/07/2012,Last Quarter
2318,11/08/2012,New Moon
2319,11/09/2012,New Moon
2296,11/10/2012,New Moon
2297,11/11/2012,New Moon
1757,11/12/2012,New Moon
2298,11/13/2012,New Moon
2299,11/14/2012,First Quarter
837,11/15/2012,First Quarter
2300,11/16/2012,First Quarter
2301,11/17/2012,First Quarter
2302,11/18/2012,First Quarter
2303,11/19/2012,First Quarter
838,11/20/2012,First Quarter
2305,11/21/2012,Full Moon
2306,11/22/2012,Full Moon
2307,11/23/2012,Full Moon
2308,11/24/2012,Full Moon
2309,11/25/2012,Full Moon
2310,11/26/2012,Full Moon
839,11/27/2012,Full Moon
2311,11/28/2012,Full Moon
2312,11/29/2012,Last Quarter
840,11/30/2012,Last Quarter
2320,12/01/2012,Last Quarter
1759,12/02/2012,Last Quarter
2335,12/03/2012,Last Quarter
2337,12/04/2012,Last Quarter
2338,12/05/2012,Last Quarter
2339,12/06/2012,Last Quarter
841,12/07/2012,New Moon
2340,12/08/2012,New Moon
2341,12/09/2012,New Moon
842,12/10/2012,New Moon
844,12/11/2012,New Moon
845,12/12/2012,New Moon
2321,12/13/2012,New Moon
846,12/14/2012,First Quarter
2322,12/15/2012,First Quarter
2323,12/16/2012,First Quarter
2324,12/17/2012,First Quarter
2325,12/18/2012,First Quarter
848,12/19/2012,First Quarter
2326,12/20/2012,First Quarter
2327,12/21/2012,Full Moon
2328,12/22/2012,Full Moon
2329,12/23/2012,Full Moon
2330,12/24/2012,Full Moon
2331,12/25/2012,Full Moon
2332,12/26/2012,Full Moon
2333,12/27/2012,Full Moon
1760,12/28/2012,Full Moon
2334,12/29/2012,Last Quarter
2336,12/30/2012,Last Quarter
849,12/31/2012,Last Quarter
705,01/01/2013,Last Quarter
1664,01/02/2013,Last Quarter
2360,01/03/2013,Last Quarter
706,01/04/2013,Last Quarter
707,01/05/2013,Last Quarter
2863,01/06/2013,New Moon
2864,01/07/2013,New Moon
2865,01/08/2013,New Moon
708,01/09/2013,New Moon
2866,01/10/2013,New Moon
2868,01/11/2013,New Moon
709,01/12/2013,First Quarter
3121,01/13/2013,First Quarter
710,01/14/2013,First Quarter
711,01/15/2013,First Quarter
2869,01/16/2013,First Quarter
2870,01/17/2013,First Quarter
712,01/18/2013,First Quarter
853,01/19/2013,Full Moon
713,01/20/2013,Full Moon
2871,01/21/2013,Full Moon
2872,01/22/2013,Full Moon
2873,01/23/2013,Full Moon
2359,01/24/2013,Full Moon
714,01/25/2013,Full Moon
715,01/26/2013,Full Moon
2874,01/27/2013,Full Moon
716,01/28/2013,Last Quarter
859,01/29/2013,Last Quarter
717,01/30/2013,Last Quarter
718,01/31/2013,Last Quarter
719,02/01/2013,Last Quarter
720,02/02/2013,Last Quarter
721,02/03/2013,Last Quarter
2875,02/04/2013,New Moon
722,02/05/2013,New Moon
2876,02/06/2013,New Moon
724,02/07/2013,New Moon
725,02/08/2013,New Moon
726,02/09/2013,New Moon
727,02/10/2013,New Moon
1765,02/11/2013,First Quarter
2877,02/12/2013,First Quarter
728,02/13/2013,First Quarter
729,02/14/2013,First Quarter
730,02/15/2013,First Quarter
875,02/16/2013,First Quarter
2878,02/17/2013,First Quarter
2879,02/18/2013,Full Moon
2880,02/19/2013,Full Moon
731,02/20/2013,Full Moon
2881,02/21/2013,Full Moon
732,02/22/2013,Full Moon
733,02/23/2013,Full Moon
734,02/24/2013,Full Moon
735,02/25/2013,Full Moon
2882,02/26/2013,Last Quarter
736,02/27/2013,Last Quarter
737,02/28/2013,Last Quarter
738,03/01/2013,Last Quarter
739,03/02/2013,Last Quarter
740,03/03/2013,Last Quarter
741,03/04/2013,Last Quarter
742,03/05/2013,New Moon
743,03/06/2013,New Moon
744,03/07/2013,New Moon
745,03/08/2013,New Moon
746,03/09/2013,New Moon
747,03/10/2013,New Moon
748,03/11/2013,New Moon
749,03/12/2013,First Quarter
750,03/13/2013,First Quarter
751,03/14/2013,First Quarter
752,03/15/2013,First Quarter
753,03/16/2013,First Quarter
754,03/17/2013,First Quarter
755,03/18/2013,First Quarter
756,03/19/2013,First Quarter
757,03/20/2013,Full Moon
758,03/21/2013,Full Moon
759,03/22/2013,Full Moon
760,03/23/2013,Full Moon
761,03/24/2013,Full Moon
762,03/25/2013,Full Moon
763,03/26/2013,Full Moon
764,03/27/2013,Full Moon
765,03/28/2013,Last Quarter
766,03/29/2013,Last Quarter
767,03/30/2013,Last Quarter
768,03/31/2013,Last Quarter
769,04/01/2013,Last Quarter
770,04/02/2013,Last Quarter
771,04/03/2013,Last Quarter
772,04/04/2013,New Moon
773,04/05/2013,New Moon
774,04/06/2013,New Moon
775,04/07/2013,New Moon
776,04/08/2013,New Moon
777,04/09/2013,New Moon
778,04/10/2013,New Moon
779,04/11/2013,First Quarter
780,04/12/2013,First Quarter
781,04/13/2013,First Quarter
782,04/14/2013,First Quarter
783,04/15/2013,First Quarter
784,04/16/2013,First Quarter
785,04/17/2013,First Quarter
786,04/18/2013,First Quarter
787,04/19/2013,Full Moon
788,04/20/2013,Full Moon
789,04/21/2013,Full Moon
790,04/22/2013,Full Moon
791,04/23/2013,Full Moon
792,04/24/2013,Full Moon
793,04/25/2013,Full Moon
794,04/26/2013,Last Quarter
795,04/27/2013,Last Quarter
796,04/28/2013,Last Quarter
797,04/29/2013,Last Quarter
798,04/30/2013,Last Quarter
1034,05/01/2013,Last Quarter
3414,05/02/2013,Last Quarter
3417,05/03/2013,New Moon
3418,05/04/2013,New Moon
3282,05/05/2013,New Moon
2529,05/06/2013,New Moon
3283,05/07/2013,New Moon
3284,05/08/2013,New Moon
1667,05/09/2013,New Moon
1668,05/10/2013,New Moon
1669,05/11/2013,First Quarter
2430,05/12/2013,First Quarter
3131,05/13/2013,First Quarter
3411,05/14/2013,First Quarter
1670,05/15/2013,First Quarter
2431,05/16/2013,First Quarter
1671,05/17/2013,First Quarter
3412,05/18/2013,First Quarter
3413,05/19/2013,Full Moon
1672,05/20/2013,Full Moon
2432,05/21/2013,Full Moon
1673,05/22/2013,Full Moon
1674,05/23/2013,Full Moon
1775,05/24/2013,Full Moon
1675,05/25/2013,Full Moon
3415,05/26/2013,Last Quarter
3416,05/27/2013,Last Quarter
1676,05/28/2013,Last Quarter
2433,05/29/2013,Last Quarter
3287,05/30/2013,Last Quarter
3288,05/31/2013,Last Quarter
1678,06/01/2013,New Moon
3289,06/02/2013,New Moon
1679,06/03/2013,New Moon
1680,06/04/2013,New Moon
1681,06/05/2013,New Moon
2530,06/06/2013,New Moon
2435,06/07/2013,New Moon
3290,06/08/2013,New Moon
1682,06/09/2013,First Quarter
3419,06/10/2013,First Quarter
3291,06/11/2013,First Quarter
3292,06/12/2013,First Quarter
1683,06/13/2013,First Quarter
1684,06/14/2013,First Quarter
1685,06/15/2013,First Quarter
1686,06/16/2013,First Quarter
3132,06/17/2013,Full Moon
2921,06/18/2013,Full Moon
1687,06/19/2013,Full Moon
1688,06/20/2013,Full Moon
3293,06/21/2013,Full Moon
3294,06/22/2013,Full Moon
1689,06/23/2013,Full Moon
1690,06/24/2013,Last Quarter
1691,06/25/2013,Last Quarter
2434,06/26/2013,Last Quarter
1692,06/27/2013,Last Quarter
1693,06/28/2013,Last Quarter
1694,06/29/2013,Last Quarter
1695,06/30/2013,Last Quarter
1696,07/01/2013,New Moon
1697,07/02/2013,New Moon
1698,07/03/2013,New Moon
1699,07/04/2013,New Moon
1700,07/05/2013,New Moon
1701,07/06/2013,New Moon
1702,07/07/2013,New Moon
1703,07/08/2013,New Moon
1704,07/09/2013,First Quarter
1705,07/10/2013,First Quarter
1706,07/11/2013,First Quarter
1707,07/12/2013,First Quarter
1708,07/13/2013,First Quarter
950,07/14/2013,First Quarter
1709,07/15/2013,First Quarter
1710,07/16/2013,First Quarter
1711,07/17/2013,Full Moon
1712,07/18/2013,Full Moon
1713,07/19/2013,Full Moon
1714,07/20/2013,Full Moon
1715,07/21/2013,Full Moon
1716,07/22/2013,Full Moon
1717,07/23/2013,Last Quarter
1718,07/24/2013,Last Quarter
1719,07/25/2013,Last Quarter
1720,07/26/2013,Last Quarter
1721,07/27/2013,Last Quarter
1722,07/28/2013,Last Quarter
1723,07/29/2013,Last Quarter
951,07/30/2013,New Moon
1724,07/31/2013,New Moon
952,08/01/2013,New Moon
1725,08/02/2013,New Moon
1726,08/03/2013,New Moon
1727,08/04/2013,New Moon
1728,08/05/2013,New Moon
1729,08/06/2013,New Moon
1730,08/07/2013,First Quarter
1731,08/08/2013,First Quarter
1732,08/09/2013,First Quarter
1733,08/10/2013,First Quarter
1734,08/11/2013,First Quarter
1735,08/12/2013,First Quarter
1736,08/13/2013,First Quarter
1737,08/14/2013,First Quarter
953,08/15/2013,Full Moon
1738,08/16/2013,Full Moon
1739,08/17/2013,Full Moon
1740,08/18/2013,Full Moon
1741,08/19/2013,Full Moon
1742,08/20/2013,Full Moon
1743,08/21/2013,Full Moon
954,08/22/2013,Last Quarter
1745,08/23/2013,Last Quarter
1746,08/24/2013,Last Quarter
1747,08/25/2013,Last Quarter
1748,08/26/2013,Last Quarter
1749,08/27/2013,Last Quarter
1750,08/28/2013,Last Quarter
955,08/29/2013,New Moon
956,08/30/2013,New Moon
1751,08/31/2013,New Moon
2436,09/01/2013,New Moon
3644,09/02/2013,New Moon
2440,09/03/2013,New Moon
3647,09/04/2013,New Moon
3133,09/05/2013,New Moon
2442,09/06/2013,First Quarter
3648,09/07/2013,First Quarter
3649,09/08/2013,First Quarter
3650,09/09/2013,First Quarter
2437,09/10/2013,First Quarter
957,09/11/2013,First Quarter
3134,09/12/2013,First Quarter
3734,09/13/2013,Full Moon
2922,09/14/2013,Full Moon
3517,09/15/2013,Full Moon
3643,09/16/2013,Full Moon
3518,09/17/2013,Full Moon
3135,09/18/2013,Full Moon
2923,09/19/2013,Full Moon
958,09/20/2013,Last Quarter
2957,09/21/2013,Last Quarter
3137,09/22/2013,Last Quarter
3431,09/23/2013,Last Quarter
2924,09/24/2013,Last Quarter
3645,09/25/2013,Last Quarter
3646,09/26/2013,Last Quarter
2438,09/27/2013,Last Quarter
2439,09/28/2013,New Moon
3735,09/29/2013,New Moon
2441,09/30/2013,New Moon
959,10/01/2013,New Moon
2369,10/02/2013,New Moon
2377,10/03/2013,New Moon
3639,10/04/2013,New Moon
2379,10/05/2013,New Moon
2380,10/06/2013,First Quarter
1958,10/07/2013,First Quarter
2381,10/08/2013,First Quarter
3640,10/09/2013,First Quarter
2361,10/10/2013,First Quarter
2362,10/11/2013,First Quarter
2909,10/12/2013,Full Moon
2363,10/13/2013,Full Moon
2364,10/14/2013,Full Moon
2365,10/15/2013,Full Moon
3138,10/16/2013,Full Moon
2366,10/17/2013,Full Moon
2367,10/18/2013,Full Moon
2368,10/19/2013,Last Quarter
2370,10/20/2013,Last Quarter
3582,10/21/2013,Last Quarter
960,10/22/2013,Last Quarter
2371,10/23/2013,Last Quarter
2372,10/24/2013,Last Quarter
2373,10/25/2013,Last Quarter
2374,10/26/2013,Last Quarter
2375,10/27/2013,New Moon
3637,10/28/2013,New Moon
2376,10/29/2013,New Moon
2378,10/30/2013,New Moon
1854,10/31/2013,New Moon
961,11/01/2013,New Moon
2910,11/02/2013,New Moon
2400,11/03/2013,New Moon
962,11/04/2013,First Quarter
963,11/05/2013,First Quarter
2402,11/06/2013,First Quarter
2403,11/07/2013,First Quarter
2404,11/08/2013,First Quarter
3139,11/09/2013,First Quarter
2382,11/10/2013,First Quarter
2383,11/11/2013,Full Moon
2384,11/12/2013,Full Moon
2385,11/13/2013,Full Moon
2386,11/14/2013,Full Moon
964,11/15/2013,Full Moon
2387,11/16/2013,Full Moon
2388,11/17/2013,Full Moon
2389,11/18/2013,Last Quarter
2390,11/19/2013,Last Quarter
965,11/20/2013,Last Quarter
2391,11/21/2013,Last Quarter
2392,11/22/2013,Last Quarter
2393,11/23/2013,Last Quarter
2394,11/24/2013,Last Quarter
2395,11/25/2013,Last Quarter
2396,11/26/2013,New Moon
2397,11/27/2013,New Moon
2398,11/28/2013,New Moon
2399,11/29/2013,New Moon
2401,11/30/2013,New Moon
966,12/01/2013,New Moon
2415,12/02/2013,New Moon
2422,12/03/2013,New Moon
2424,12/04/2013,First Quarter
969,12/05/2013,First Quarter
2425,12/06/2013,First Quarter
2426,12/07/2013,First Quarter
2427,12/08/2013,First Quarter
2428,12/09/2013,First Quarter
2405,12/10/2013,Full Moon
2406,12/11/2013,Full Moon
2407,12/12/2013,Full Moon
2408,12/13/2013,Full Moon
2409,12/14/2013,Full Moon
2410,12/15/2013,Full Moon
2411,12/16/2013,Full Moon
2412,12/17/2013,Full Moon
2413,12/18/2013,Last Quarter
2414,12/19/2013,Last Quarter
970,12/20/2013,Last Quarter
975,12/21/2013,Last Quarter
2416,12/22/2013,Last Quarter
2417,12/23/2013,Last Quarter
971,12/24/2013,Last Quarter
2418,12/25/2013,Last Quarter
2419,12/26/2013,New Moon
2420,12/27/2013,New Moon
972,12/28/2013,New Moon
2421,12/29/2013,New Moon
2423,12/30/2013,New Moon
974,12/31/2013,New Moon
850,01/01/2014,New Moon
2898,01/02/2014,First Quarter
2443,01/03/2014,First Quarter
2903,01/04/2014,First Quarter
2904,01/05/2014,First Quarter
2905,01/06/2014,First Quarter
2906,01/07/2014,First Quarter
2907,01/08/2014,First Quarter
2908,01/09/2014,Full Moon
1763,01/10/2014,Full Moon
3130,01/11/2014,Full Moon
2891,01/12/2014,Full Moon
1764,01/13/2014,Full Moon
2892,01/14/2014,Full Moon
852,01/15/2014,Full Moon
2893,01/16/2014,Full Moon
2894,01/17/2014,Last Quarter
2896,01/18/2014,Last Quarter
2897,01/19/2014,Last Quarter
2899,01/20/2014,Last Quarter
2900,01/21/2014,Last Quarter
2901,01/22/2014,Last Quarter
854,01/23/2014,Last Quarter
855,01/24/2014,Last Quarter
856,01/25/2014,New Moon
2902,01/26/2014,New Moon
857,01/27/2014,New Moon
858,01/28/2014,New Moon
860,01/29/2014,New Moon
861,01/30/2014,New Moon
862,01/31/2014,First Quarter
864,02/01/2014,First Quarter
865,02/02/2014,First Quarter
2915,02/03/2014,First Quarter
2916,02/04/2014,First Quarter
2917,02/05/2014,First Quarter
2918,02/06/2014,First Quarter
2919,02/07/2014,Full Moon
868,02/08/2014,Full Moon
2920,02/09/2014,Full Moon
869,02/10/2014,Full Moon
870,02/11/2014,Full Moon
871,02/12/2014,Full Moon
872,02/13/2014,Full Moon
873,02/14/2014,Full Moon
874,02/15/2014,Last Quarter
2913,02/16/2014,Last Quarter
876,02/17/2014,Last Quarter
877,02/18/2014,Last Quarter
2914,02/19/2014,Last Quarter
878,02/20/2014,Last Quarter
879,02/21/2014,Last Quarter
880,02/22/2014,Last Quarter
881,02/23/2014,New Moon
882,02/24/2014,New Moon
883,02/25/2014,New Moon
884,02/26/2014,New Moon
885,02/27/2014,New Moon
886,02/28/2014,New Moon
887,03/01/2014,New Moon
3513,03/02/2014,First Quarter
888,03/03/2014,First Quarter
3424,03/04/2014,First Quarter
889,03/05/2014,First Quarter
890,03/06/2014,First Quarter
891,03/07/2014,First Quarter
892,03/08/2014,First Quarter
893,03/09/2014,Full Moon
894,03/10/2014,Full Moon
895,03/11/2014,Full Moon
896,03/12/2014,Full Moon
897,03/13/2014,Full Moon
898,03/14/2014,Full Moon
899,03/15/2014,Full Moon
900,03/16/2014,Full Moon
901,03/17/2014,Last Quarter
902,03/18/2014,Last Quarter
903,03/19/2014,Last Quarter
904,03/20/2014,Last Quarter
905,03/21/2014,Last Quarter
906,03/22/2014,Last Quarter
907,03/23/2014,Last Quarter
908,03/24/2014,Last Quarter
909,03/25/2014,New Moon
910,03/26/2014,New Moon
911,03/27/2014,New Moon
912,03/28/2014,New Moon
913,03/29/2014,New Moon
914,03/30/2014,New Moon
915,03/31/2014,First Quarter
916,04/01/2014,First Quarter
917,04/02/2014,First Quarter
918,04/03/2014,First Quarter
919,04/04/2014,First Quarter
920,04/05/2014,First Quarter
921,04/06/2014,First Quarter
922,04/07/2014,First Quarter
923,04/08/2014,Full Moon
924,04/09/2014,Full Moon
925,04/10/2014,Full Moon
926,04/11/2014,Full Moon
927,04/12/2014,Full Moon
928,04/13/2014,Full Moon
929,04/14/2014,Full Moon
930,04/15/2014,Full Moon
931,04/16/2014,Last Quarter
932,04/17/2014,Last Quarter
933,04/18/2014,Last Quarter
934,04/19/2014,Last Quarter
935,04/20/2014,Last Quarter
936,04/21/2014,Last Quarter
937,04/22/2014,Last Quarter
938,04/23/2014,New Moon
939,04/24/2014,New Moon
940,04/25/2014,New Moon
941,04/26/2014,New Moon
942,04/27/2014,New Moon
943,04/28/2014,New Moon
944,04/29/2014,New Moon
946,04/30/2014,First Quarter
1007,05/01/2014,First Quarter
3297,05/02/2014,First Quarter
3425,05/03/2014,First Quarter
1767,05/04/2014,First Quarter
3298,05/05/2014,First Quarter
2950,05/06/2014,First Quarter
3426,05/07/2014,First Quarter
3299,05/08/2014,Full Moon
3300,05/09/2014,Full Moon
1768,05/10/2014,Full Moon
3427,05/11/2014,Full Moon
1769,05/12/2014,Full Moon
3428,05/13/2014,Full Moon
3301,05/14/2014,Full Moon
3302,05/15/2014,Last Quarter
3429,05/16/2014,Last Quarter
1770,05/17/2014,Last Quarter
3303,05/18/2014,Last Quarter
1771,05/19/2014,Last Quarter
1772,05/20/2014,Last Quarter
1773,05/21/2014,Last Quarter
3304,05/22/2014,New Moon
3305,05/23/2014,New Moon
1776,05/24/2014,New Moon
3306,05/25/2014,New Moon
3307,05/26/2014,New Moon
3308,05/27/2014,New Moon
1777,05/28/2014,New Moon
3309,05/29/2014,First Quarter
1104,05/30/2014,First Quarter
1778,05/31/2014,First Quarter
1089,06/01/2014,First Quarter
1779,06/02/2014,First Quarter
2444,06/03/2014,First Quarter
3430,06/04/2014,First Quarter
3310,06/05/2014,First Quarter
1780,06/06/2014,Full Moon
1781,06/07/2014,Full Moon
1782,06/08/2014,Full Moon
3142,06/09/2014,Full Moon
3311,06/10/2014,Full Moon
1783,06/11/2014,Full Moon
3143,06/12/2014,Full Moon
1784,06/13/2014,Full Moon
1109,06/14/2014,Last Quarter
1785,06/15/2014,Last Quarter
3312,06/16/2014,Last Quarter
1786,06/17/2014,Last Quarter
999,06/18/2014,Last Quarter
1787,06/19/2014,Last Quarter
1083,06/20/2014,New Moon
3313,06/21/2014,New Moon
1788,06/22/2014,New Moon
2445,06/23/2014,New Moon
1789,06/24/2014,New Moon
2446,06/25/2014,New Moon
1790,06/26/2014,New Moon
1791,06/27/2014,New Moon
1094,06/28/2014,First Quarter
1792,06/29/2014,First Quarter
1793,06/30/2014,First Quarter
1794,07/01/2014,First Quarter
1795,07/02/2014,First Quarter
1796,07/03/2014,First Quarter
1797,07/04/2014,First Quarter
1798,07/05/2014,First Quarter
1799,07/06/2014,Full Moon
1099,07/07/2014,Full Moon
1800,07/08/2014,Full Moon
976,07/09/2014,Full Moon
1801,07/10/2014,Full Moon
1802,07/11/2014,Full Moon
1803,07/12/2014,Full Moon
3314,07/13/2014,Last Quarter
1804,07/14/2014,Last Quarter
1805,07/15/2014,Last Quarter
1806,07/16/2014,Last Quarter
1807,07/17/2014,Last Quarter
1808,07/18/2014,Last Quarter
1809,07/19/2014,Last Quarter
1810,07/20/2014,New Moon
1811,07/21/2014,New Moon
1812,07/22/2014,New Moon
1814,07/23/2014,New Moon
1815,07/24/2014,New Moon
1816,07/25/2014,New Moon
1817,07/26/2014,New Moon
1818,07/27/2014,First Quarter
1819,07/28/2014,First Quarter
1820,07/29/2014,First Quarter
1821,07/30/2014,First Quarter
1822,07/31/2014,First Quarter
1823,08/01/2014,First Quarter
1824,08/02/2014,First Quarter
1825,08/03/2014,First Quarter
1826,08/04/2014,First Quarter
1827,08/05/2014,Full Moon
1828,08/06/2014,Full Moon
1829,08/07/2014,Full Moon
1830,08/08/2014,Full Moon
1831,08/09/2014,Full Moon
1049,08/10/2014,Full Moon
1832,08/11/2014,Last Quarter
1833,08/12/2014,Last Quarter
1834,08/13/2014,Last Quarter
1835,08/14/2014,Last Quarter
1836,08/15/2014,Last Quarter
1837,08/16/2014,Last Quarter
1838,08/17/2014,Last Quarter
1839,08/18/2014,New Moon
1840,08/19/2014,New Moon
1841,08/20/2014,New Moon
1842,08/21/2014,New Moon
1843,08/22/2014,New Moon
1844,08/23/2014,New Moon
1845,08/24/2014,New Moon
1846,08/25/2014,New Moon
1847,08/26/2014,First Quarter
1848,08/27/2014,First Quarter
1849,08/28/2014,First Quarter
1850,08/29/2014,First Quarter
1851,08/30/2014,First Quarter
1852,08/31/2014,First Quarter
1026,09/01/2014,First Quarter
1071,09/02/2014,First Quarter
2448,09/03/2014,Full Moon
3145,09/04/2014,Full Moon
2449,09/05/2014,Full Moon
2954,09/06/2014,Full Moon
3741,09/07/2014,Full Moon
1031,09/08/2014,Full Moon
2955,09/09/2014,Full Moon
1957,09/10/2014,Last Quarter
3146,09/11/2014,Last Quarter
1056,09/12/2014,Last Quarter
2956,09/13/2014,Last Quarter
2450,09/14/2014,Last Quarter
2451,09/15/2014,Last Quarter
2452,09/16/2014,Last Quarter
3148,09/17/2014,New Moon
3653,09/18/2014,New Moon
2453,09/19/2014,New Moon
2454,09/20/2014,New Moon
2455,09/21/2014,New Moon
2456,09/22/2014,New Moon
2457,09/23/2014,New Moon
3524,09/24/2014,New Moon
2458,09/25/2014,First Quarter
2459,09/26/2014,First Quarter
2958,09/27/2014,First Quarter
3742,09/28/2014,First Quarter
2460,09/29/2014,First Quarter
1060,09/30/2014,First Quarter
1020,10/01/2014,First Quarter
2461,10/02/2014,Full Moon
2462,10/03/2014,Full Moon
3150,10/04/2014,Full Moon
1105,10/05/2014,Full Moon
3151,10/06/2014,Full Moon
2463,10/07/2014,Full Moon
2464,10/08/2014,Full Moon
2465,10/09/2014,Last Quarter
3152,10/10/2014,Last Quarter
2466,10/11/2014,Last Quarter
2467,10/12/2014,Last Quarter
3153,10/13/2014,Last Quarter
2468,10/14/2014,Last Quarter
2469,10/15/2014,Last Quarter
2470,10/16/2014,New Moon
2471,10/17/2014,New Moon
2959,10/18/2014,New Moon
3654,10/19/2014,New Moon
2472,10/20/2014,New Moon
2473,10/21/2014,New Moon
2474,10/22/2014,New Moon
2475,10/23/2014,New Moon
3154,10/24/2014,First Quarter
2476,10/25/2014,First Quarter
3155,10/26/2014,First Quarter
2477,10/27/2014,First Quarter
2478,10/28/2014,First Quarter
2479,10/29/2014,First Quarter
2480,10/30/2014,First Quarter
2481,10/31/2014,First Quarter
1092,11/01/2014,Full Moon
2482,11/02/2014,Full Moon
2483,11/03/2014,Full Moon
2484,11/04/2014,Full Moon
2485,11/05/2014,Full Moon
2486,11/06/2014,Full Moon
2487,11/07/2014,Last Quarter
2488,11/08/2014,Last Quarter
2489,11/09/2014,Last Quarter
1018,11/10/2014,Last Quarter
2490,11/11/2014,Last Quarter
2491,11/12/2014,Last Quarter
1962,11/13/2014,Last Quarter
2492,11/14/2014,Last Quarter
2493,11/15/2014,New Moon
2494,11/16/2014,New Moon
2495,11/17/2014,New Moon
2496,11/18/2014,New Moon
2497,11/19/2014,New Moon
2498,11/20/2014,New Moon
2499,11/21/2014,New Moon
2500,11/22/2014,New Moon
2502,11/23/2014,First Quarter
2503,11/24/2014,First Quarter
2504,11/25/2014,First Quarter
2505,11/26/2014,First Quarter
2506,11/27/2014,First Quarter
1059,11/28/2014,First Quarter
2507,11/29/2014,First Quarter
2508,11/30/2014,Full Moon
1093,12/01/2014,Full Moon
1003,12/02/2014,Full Moon
978,12/03/2014,Full Moon
1963,12/04/2014,Full Moon
2509,12/05/2014,Full Moon
2510,12/06/2014,Full Moon
2511,12/07/2014,Last Quarter
2512,12/08/2014,Last Quarter
1028,12/09/2014,Last Quarter
1073,12/10/2014,Last Quarter
2513,12/11/2014,Last Quarter
2514,12/12/2014,Last Quarter
1082,12/13/2014,Last Quarter
2515,12/14/2014,Last Quarter
977,12/15/2014,New Moon
2516,12/16/2014,New Moon
2517,12/17/2014,New Moon
2518,12/18/2014,New Moon
2519,12/19/2014,New Moon
1042,12/20/2014,New Moon
2520,12/21/2014,New Moon
1070,12/22/2014,New Moon
2521,12/23/2014,First Quarter
2522,12/24/2014,First Quarter
2523,12/25/2014,First Quarter
2524,12/26/2014,First Quarter
1087,12/27/2014,First Quarter
2525,12/28/2014,First Quarter
2526,12/29/2014,Full Moon
2527,12/30/2014,Full Moon
1964,12/31/2014,Full Moon
1063,01/01/2015,Full Moon
2925,01/02/2015,Full Moon
1081,01/03/2015,Full Moon
2926,01/04/2015,Full Moon
2927,01/05/2015,Full Moon
2928,01/06/2015,Last Quarter
2929,01/07/2015,Last Quarter
2930,01/08/2015,Last Quarter
2931,01/09/2015,Last Quarter
2932,01/10/2015,Last Quarter
2933,01/11/2015,Last Quarter
2934,01/12/2015,Last Quarter
2935,01/13/2015,Last Quarter
1095,01/14/2015,New Moon
2936,01/15/2015,New Moon
2937,01/16/2015,New Moon
979,01/17/2015,New Moon
2938,01/18/2015,New Moon
994,01/19/2015,New Moon
1074,01/20/2015,New Moon
2939,01/21/2015,First Quarter
980,01/22/2015,First Quarter
1855,01/23/2015,First Quarter
2940,01/24/2015,First Quarter
981,01/25/2015,First Quarter
1025,01/26/2015,First Quarter
1064,01/27/2015,First Quarter
1080,01/28/2015,Full Moon
1069,01/29/2015,Full Moon
2941,01/30/2015,Full Moon
1043,01/31/2015,Full Moon
2942,02/01/2015,Full Moon
2943,02/02/2015,Full Moon
1030,02/03/2015,Full Moon
1091,02/04/2015,Last Quarter
2945,02/05/2015,Last Quarter
1039,02/06/2015,Last Quarter
1075,02/07/2015,Last Quarter
2946,02/08/2015,Last Quarter
982,02/09/2015,Last Quarter
1041,02/10/2015,Last Quarter
2528,02/11/2015,Last Quarter
992,02/12/2015,Last Quarter
1058,02/13/2015,New Moon
2947,02/14/2015,New Moon
1033,02/15/2015,New Moon
1067,02/16/2015,New Moon
983,02/17/2015,New Moon
1045,02/18/2015,New Moon
984,02/19/2015,First Quarter
1054,02/20/2015,First Quarter
2949,02/21/2015,First Quarter
1088,02/22/2015,First Quarter
1021,02/23/2015,First Quarter
985,02/24/2015,First Quarter
986,02/25/2015,First Quarter
987,02/26/2015,Full Moon
1023,02/27/2015,Full Moon
988,02/28/2015,Full Moon
1024,03/01/2015,Full Moon
989,03/02/2015,Full Moon
990,03/03/2015,Full Moon
991,03/04/2015,Full Moon
993,03/05/2015,Full Moon
1052,03/06/2015,Last Quarter
995,03/07/2015,Last Quarter
1055,03/08/2015,Last Quarter
996,03/09/2015,Last Quarter
1046,03/10/2015,Last Quarter
1050,03/11/2015,Last Quarter
997,03/12/2015,Last Quarter
998,03/13/2015,Last Quarter
1000,03/14/2015,New Moon
1001,03/15/2015,New Moon
1015,03/16/2015,New Moon
1036,03/17/2015,New Moon
1002,03/18/2015,New Moon
1032,03/19/2015,New Moon
1004,03/20/2015,New Moon
1005,03/21/2015,First Quarter
1006,03/22/2015,First Quarter
1008,03/23/2015,First Quarter
1009,03/24/2015,First Quarter
1010,03/25/2015,First Quarter
1011,03/26/2015,First Quarter
1012,03/27/2015,First Quarter
1013,03/28/2015,Full Moon
1014,03/29/2015,Full Moon
1016,03/30/2015,Full Moon
1017,03/31/2015,Full Moon
1019,04/01/2015,Full Moon
1022,04/02/2015,Full Moon
1027,04/03/2015,Full Moon
1029,04/04/2015,Full Moon
1035,04/05/2015,Last Quarter
1037,04/06/2015,Last Quarter
1044,04/07/2015,Last Quarter
1047,04/08/2015,Last Quarter
1051,04/09/2015,Last Quarter
1053,04/10/2015,Last Quarter
1057,04/11/2015,Last Quarter
1061,04/12/2015,Last Quarter
1062,04/13/2015,New Moon
1065,04/14/2015,New Moon
1068,04/15/2015,New Moon
1072,04/16/2015,New Moon
1076,04/17/2015,New Moon
1077,04/18/2015,New Moon
1078,04/19/2015,First Quarter
1079,04/20/2015,First Quarter
1084,04/21/2015,First Quarter
1086,04/22/2015,First Quarter
1090,04/23/2015,First Quarter
1097,04/24/2015,First Quarter
1098,04/25/2015,First Quarter
1100,04/26/2015,Full Moon
1101,04/27/2015,Full Moon
1103,04/28/2015,Full Moon
1106,04/29/2015,Full Moon
1107,04/30/2015,Full Moon
1856,05/01/2015,Full Moon
1857,05/02/2015,Full Moon
1858,05/03/2015,Full Moon
3320,05/04/2015,Full Moon
1859,05/05/2015,Last Quarter
1860,05/06/2015,Last Quarter
3435,05/07/2015,Last Quarter
1861,05/08/2015,Last Quarter
1862,05/09/2015,Last Quarter
3321,05/10/2015,Last Quarter
3436,05/11/2015,Last Quarter
3437,05/12/2015,New Moon
3322,05/13/2015,New Moon
3438,05/14/2015,New Moon
3439,05/15/2015,New Moon
3323,05/16/2015,New Moon
1863,05/17/2015,New Moon
3324,05/18/2015,New Moon
1864,05/19/2015,First Quarter
3440,05/20/2015,First Quarter
1865,05/21/2015,First Quarter
3325,05/22/2015,First Quarter
3326,05/23/2015,First Quarter
3441,05/24/2015,First Quarter
1866,05/25/2015,First Quarter
1867,05/26/2015,Full Moon
3327,05/27/2015,Full Moon
1868,05/28/2015,Full Moon
3328,05/29/2015,Full Moon
1869,05/30/2015,Full Moon
1870,05/31/2015,Full Moon
1871,06/01/2015,Full Moon
1872,06/02/2015,Full Moon
1873,06/03/2015,Last Quarter
1874,06/04/2015,Last Quarter
3330,06/05/2015,Last Quarter
1875,06/06/2015,Last Quarter
1876,06/07/2015,Last Quarter
3331,06/08/2015,Last Quarter
1877,06/09/2015,Last Quarter
3332,06/10/2015,New Moon
1878,06/11/2015,New Moon
1879,06/12/2015,New Moon
1880,06/13/2015,New Moon
3333,06/14/2015,New Moon
1881,06/15/2015,New Moon
1882,06/16/2015,New Moon
1883,06/17/2015,First Quarter
1884,06/18/2015,First Quarter
1885,06/19/2015,First Quarter
1886,06/20/2015,First Quarter
3335,06/21/2015,First Quarter
1887,06/22/2015,First Quarter
3336,06/23/2015,First Quarter
1888,06/24/2015,First Quarter
1889,06/25/2015,Full Moon
1890,06/26/2015,Full Moon
1891,06/27/2015,Full Moon
1892,06/28/2015,Full Moon
3337,06/29/2015,Full Moon
1893,06/30/2015,Full Moon
1894,07/01/2015,Full Moon
1895,07/02/2015,Full Moon
1896,07/03/2015,Last Quarter
1897,07/04/2015,Last Quarter
1898,07/05/2015,Last Quarter
1899,07/06/2015,Last Quarter
1900,07/07/2015,Last Quarter
1901,07/08/2015,Last Quarter
1902,07/09/2015,New Moon
1903,07/10/2015,New Moon
1904,07/11/2015,New Moon
3338,07/12/2015,New Moon
1905,07/13/2015,New Moon
1906,07/14/2015,New Moon
1907,07/15/2015,New Moon
1908,07/16/2015,New Moon
1909,07/17/2015,First Quarter
1910,07/18/2015,First Quarter
1911,07/19/2015,First Quarter
1912,07/20/2015,First Quarter
1913,07/21/2015,First Quarter
1914,07/22/2015,First Quarter
1915,07/23/2015,First Quarter
1916,07/24/2015,First Quarter
1917,07/25/2015,Full Moon
1918,07/26/2015,Full Moon
1919,07/27/2015,Full Moon
1920,07/28/2015,Full Moon
1921,07/29/2015,Full Moon
1922,07/30/2015,Full Moon
1923,07/31/2015,Full Moon
1924,08/01/2015,Last Quarter
1925,08/02/2015,Last Quarter
1926,08/03/2015,Last Quarter
1927,08/04/2015,Last Quarter
1928,08/05/2015,Last Quarter
1929,08/06/2015,Last Quarter
1930,08/07/2015,Last Quarter
1931,08/08/2015,New Moon
1932,08/09/2015,New Moon
1933,08/10/2015,New Moon
1934,08/11/2015,New Moon
1935,08/12/2015,New Moon
1936,08/13/2015,New Moon
1937,08/14/2015,New Moon
1938,08/15/2015,First Quarter
1939,08/16/2015,First Quarter
1940,08/17/2015,First Quarter
1941,08/18/2015,First Quarter
1942,08/19/2015,First Quarter
1943,08/20/2015,First Quarter
1944,08/21/2015,First Quarter
1945,08/22/2015,First Quarter
1946,08/23/2015,Full Moon
1947,08/24/2015,Full Moon
1948,08/25/2015,Full Moon
1949,08/26/2015,Full Moon
1950,08/27/2015,Full Moon
1951,08/28/2015,Full Moon
1952,08/29/2015,Full Moon
1953,08/30/2015,Last Quarter
1954,08/31/2015,Last Quarter
2532,09/01/2015,Last Quarter
2533,09/02/2015,Last Quarter
3659,09/03/2015,Last Quarter
3660,09/04/2015,Last Quarter
2534,09/05/2015,Last Quarter
2535,09/06/2015,New Moon
3745,09/07/2015,New Moon
3661,09/08/2015,New Moon
3662,09/09/2015,New Moon
3663,09/10/2015,New Moon
3664,09/11/2015,New Moon
3665,09/12/2015,New Moon
2536,09/13/2015,New Moon
3746,09/14/2015,First Quarter
2537,09/15/2015,First Quarter
2538,09/16/2015,First Quarter
2539,09/17/2015,First Quarter
2540,09/18/2015,First Quarter
3666,09/19/2015,First Quarter
3747,09/20/2015,First Quarter
2541,09/21/2015,First Quarter
3667,09/22/2015,Full Moon
2542,09/23/2015,Full Moon
3668,09/24/2015,Full Moon
2543,09/25/2015,Full Moon
2544,09/26/2015,Full Moon
3669,09/27/2015,Full Moon
3670,09/28/2015,Full Moon
2545,09/29/2015,Last Quarter
2546,09/30/2015,Last Quarter
2547,10/01/2015,Last Quarter
2548,10/02/2015,Last Quarter
3671,10/03/2015,Last Quarter
3672,10/04/2015,Last Quarter
3673,10/05/2015,New Moon
3674,10/06/2015,New Moon
3675,10/07/2015,New Moon
2549,10/08/2015,New Moon
3676,10/09/2015,New Moon
2550,10/10/2015,New Moon
3677,10/11/2015,New Moon
2551,10/12/2015,New Moon
2552,10/13/2015,New Moon
2553,10/14/2015,First Quarter
2554,10/15/2015,First Quarter
2555,10/16/2015,First Quarter
3678,10/17/2015,First Quarter
2556,10/18/2015,First Quarter
3679,10/19/2015,First Quarter
2557,10/20/2015,First Quarter
3680,10/21/2015,Full Moon
2558,10/22/2015,Full Moon
2559,10/23/2015,Full Moon
2560,10/24/2015,Full Moon
2561,10/25/2015,Full Moon
2562,10/26/2015,Full Moon
2563,10/27/2015,Full Moon
2564,10/28/2015,Last Quarter
2565,10/29/2015,Last Quarter
2566,10/30/2015,Last Quarter
2567,10/31/2015,Last Quarter
2568,11/01/2015,Last Quarter
2569,11/02/2015,Last Quarter
2570,11/03/2015,Last Quarter
2571,11/04/2015,New Moon
2572,11/05/2015,New Moon
2573,11/06/2015,New Moon
2574,11/07/2015,New Moon
2575,11/08/2015,New Moon
2576,11/09/2015,New Moon
2577,11/10/2015,New Moon
2578,11/11/2015,New Moon
2579,11/12/2015,First Quarter
2580,11/13/2015,First Quarter
2581,11/14/2015,First Quarter
2582,11/15/2015,First Quarter
2583,11/16/2015,First Quarter
2584,11/17/2015,First Quarter
2585,11/18/2015,First Quarter
2586,11/19/2015,First Quarter
2587,11/20/2015,Full Moon
2588,11/21/2015,Full Moon
2589,11/22/2015,Full Moon
2590,11/23/2015,Full Moon
2591,11/24/2015,Full Moon
2592,11/25/2015,Full Moon
2593,11/26/2015,Last Quarter
2594,11/27/2015,Last Quarter
2595,11/28/2015,Last Quarter
2596,11/29/2015,Last Quarter
2597,11/30/2015,Last Quarter
2598,12/01/2015,Last Quarter
2599,12/02/2015,Last Quarter
2600,12/03/2015,Last Quarter
2601,12/04/2015,New Moon
2602,12/05/2015,New Moon
2603,12/06/2015,New Moon
2604,12/07/2015,New Moon
2605,12/08/2015,New Moon
2606,12/09/2015,New Moon
2607,12/10/2015,New Moon
2608,12/11/2015,New Moon
2609,12/12/2015,First Quarter
2610,12/13/2015,First Quarter
2611,12/14/2015,First Quarter
2612,12/15/2015,First Quarter
2613,12/16/2015,First Quarter
2614,12/17/2015,First Quarter
2615,12/18/2015,First Quarter
2616,12/19/2015,Full Moon
2617,12/20/2015,Full Moon
2618,12/21/2015,Full Moon
2619,12/22/2015,Full Moon
2620,12/23/2015,Full Moon
2621,12/24/2015,Full Moon
2622,12/25/2015,Full Moon
2623,12/26/2015,Last Quarter
2624,12/27/2015,Last Quarter
2625,12/28/2015,Last Quarter
2626,12/29/2015,Last Quarter
2627,12/30/2015,Last Quarter
2628,12/31/2015,Last Quarter
